{"packages":[],"notify-batch":"https:\/\/packagist.org\/downloads\/","providers-url":"\/p\/%package%$%hash%.json","metadata-url":"\/p2\/%package%.json","metadata-changes-url":"https:\/\/packagist.org\/metadata\/changes.json","search":"https:\/\/packagist.org\/search.json?q=%query%&type=%type%","list":"https:\/\/packagist.org\/packages\/list.json","security-advisories":{"metadata":true,"api-url":"https:\/\/packagist.org\/api\/security-advisories\/","query-all":true},"providers-api":"https:\/\/packagist.org\/providers\/%package%.json","warning":"Support for Composer 1 is deprecated and some packages will not be available. You should upgrade to Composer 2. See https:\/\/blog.packagist.com\/deprecating-composer-1-support\/","warning-versions":"<1.99","info":"\u001b[37;44m#StandWith\u001b[30;43mUkraine\u001b[0m","provider-includes":{"p\/provider-2013$%hash%.json":{"sha256":"033bc917c66ea9cae45df53c9b4a8bce9c5e70d99196eb0b5b660e12b9965a58"},"p\/provider-2014$%hash%.json":{"sha256":"1f6b20500006d0ead1616dcdd9920eb634718b154581f282bedd66e394ef3c2b"},"p\/provider-2015$%hash%.json":{"sha256":"896d1d2b64c46296b48ece2f74e306187d00264370668e14ce98d16cb93d1c2e"},"p\/provider-2016$%hash%.json":{"sha256":"969fe055b0737683ce79a7161ba1758f327ac7d34538f9429440d0b1137c80bc"},"p\/provider-2017$%hash%.json":{"sha256":"f4a82c7574909f170153fa13aa36d2ead56eab7232bebb47c8f1b6e585c692c2"},"p\/provider-2018$%hash%.json":{"sha256":"a7e6ec2930df0f193d23ca4efe477978410410641214f568aebdf187a41607dc"},"p\/provider-2019$%hash%.json":{"sha256":"0746a248b374cfc7393770f8a38483b686daf0299bdd856efb0b7fa8ac266b8d"},"p\/provider-2020$%hash%.json":{"sha256":"e334f6ff12a94794d54d9f75515bf048ff6af4c1ff5c00f28de0c8862ffe503a"},"p\/provider-2021$%hash%.json":{"sha256":"7c9f44704312c9137cc4a5a6d4bbae403acbf53412874418bae1a763dba7835e"},"p\/provider-2022$%hash%.json":{"sha256":"d76716641d4d51c1b2becf87ee57279085d4e7489001b0920b533f1820fb3b20"},"p\/provider-2022-10$%hash%.json":{"sha256":"653f71c8974d62b92ff6a7576cf238457756b4481a67b0af242ab41c326b446b"},"p\/provider-2023-01$%hash%.json":{"sha256":"2e89960db6b3efdd2db792a5df1cf09f8bb7a52a7623d56330bf1717f12ec748"},"p\/provider-2023-04$%hash%.json":{"sha256":"45d211be84c2c2dd384ba78c48c0b6512293fcf9df069602383294cc43d75bc7"},"p\/provider-2023-07$%hash%.json":{"sha256":"9a691d583f47f2333cb7afb5c93faab7ee5e2f46dbaac7523812fc8cf557963f"},"p\/provider-archived$%hash%.json":{"sha256":"3d23cb866dda2a476417b144cd714431230494f667e3e99e2c8f03bbc6172052"},"p\/provider-latest$%hash%.json":{"sha256":"82cca52c8c94cbe3599c1bccfa4e1dba8470b03003d3cbd6c5707cb5b745d246"}},"last-modified":"Mon, 11 Sep 2023 13:17:57 GMT"}