{"minified":"composer/2.0","packages":{"sebastian/recursion-context":[{"name":"sebastian/recursion-context","description":"Provides functionality to recursively process PHP variables","keywords":[],"homepage":"https://github.com/sebastianbergmann/recursion-context","version":"5.0.0","version_normalized":"5.0.0.0","license":["BSD-3-Clause"],"authors":[{"name":"Sebastian Bergmann","email":"sebastian@phpunit.de"},{"name":"Jeff Welch","email":"whatthejeff@gmail.com"},{"name":"Adam Harvey","email":"aharvey@php.net"}],"source":{"url":"https://github.com/sebastianbergmann/recursion-context.git","type":"git","reference":"05909fb5bc7df4c52992396d0116aed689f93712"},"dist":{"url":"https://api.github.com/repos/sebastianbergmann/recursion-context/zipball/05909fb5bc7df4c52992396d0116aed689f93712","type":"zip","shasum":"","reference":"05909fb5bc7df4c52992396d0116aed689f93712"},"type":"library","funding":[{"url":"https://github.com/sebastianbergmann","type":"github"}],"time":"2023-02-03T07:05:40+00:00","autoload":{"classmap":["src/"]},"extra":{"branch-alias":{"dev-main":"5.0-dev"}},"require":{"php":">=8.1"},"require-dev":{"phpunit/phpunit":"^10.0"},"support":{"issues":"https://github.com/sebastianbergmann/recursion-context/issues","source":"https://github.com/sebastianbergmann/recursion-context/tree/5.0.0"}},{"version":"4.0.5","version_normalized":"4.0.5.0","source":{"url":"https://github.com/sebastianbergmann/recursion-context.git","type":"git","reference":"e75bd0f07204fec2a0af9b0f3cfe97d05f92efc1"},"dist":{"url":"https://api.github.com/repos/sebastianbergmann/recursion-context/zipball/e75bd0f07204fec2a0af9b0f3cfe97d05f92efc1","type":"zip","shasum":"","reference":"e75bd0f07204fec2a0af9b0f3cfe97d05f92efc1"},"time":"2023-02-03T06:07:39+00:00","extra":{"branch-alias":{"dev-master":"4.0-dev"}},"require":{"php":">=7.3"},"require-dev":{"phpunit/phpunit":"^9.3"},"support":{"issues":"https://github.com/sebastianbergmann/recursion-context/issues","source":"https://github.com/sebastianbergmann/recursion-context/tree/4.0.5"}},{"homepage":"http://www.github.com/sebastianbergmann/recursion-context","version":"4.0.4","version_normalized":"4.0.4.0","source":{"url":"https://github.com/sebastianbergmann/recursion-context.git","type":"git","reference":"cd9d8cf3c5804de4341c283ed787f099f5506172"},"dist":{"url":"https://api.github.com/repos/sebastianbergmann/recursion-context/zipball/cd9d8cf3c5804de4341c283ed787f099f5506172","type":"zip","shasum":"","reference":"cd9d8cf3c5804de4341c283ed787f099f5506172"},"time":"2020-10-26T13:17:30+00:00","support":{"issues":"https://github.com/sebastianbergmann/recursion-context/issues","source":"https://github.com/sebastianbergmann/recursion-context/tree/4.0.4"}},{"version":"4.0.3","version_normalized":"4.0.3.0","source":{"url":"https://github.com/sebastianbergmann/recursion-context.git","type":"git","reference":"ed8c9cd355089134bc9cba421b5cfdd58f0eaef7"},"dist":{"url":"https://api.github.com/repos/sebastianbergmann/recursion-context/zipball/ed8c9cd355089134bc9cba421b5cfdd58f0eaef7","type":"zip","shasum":"","reference":"ed8c9cd355089134bc9cba421b5cfdd58f0eaef7"},"time":"2020-09-28T05:17:32+00:00","support":{"issues":"https://github.com/sebastianbergmann/recursion-context/issues","source":"https://github.com/sebastianbergmann/recursion-context/tree/4.0.3"}},{"version":"4.0.2","version_normalized":"4.0.2.0","source":{"url":"https://github.com/sebastianbergmann/recursion-context.git","type":"git","reference":"062231bf61d2b9448c4fa5a7643b5e1829c11d63"},"dist":{"url":"https://api.github.com/repos/sebastianbergmann/recursion-context/zipball/062231bf61d2b9448c4fa5a7643b5e1829c11d63","type":"zip","shasum":"","reference":"062231bf61d2b9448c4fa5a7643b5e1829c11d63"},"time":"2020-06-26T12:14:17+00:00","require":{"php":"^7.3 || ^8.0"},"require-dev":{"phpunit/phpunit":"^9.0"},"support":{"issues":"https://github.com/sebastianbergmann/recursion-context/issues","source":"https://github.com/sebastianbergmann/recursion-context/tree/master"}},{"version":"4.0.1","version_normalized":"4.0.1.0","source":{"url":"https://github.com/sebastianbergmann/recursion-context.git","type":"git","reference":"a32789e5f0157c10cf216ce6c5136db12a12b847"},"dist":{"url":"https://api.github.com/repos/sebastianbergmann/recursion-context/zipball/a32789e5f0157c10cf216ce6c5136db12a12b847","type":"zip","shasum":"","reference":"a32789e5f0157c10cf216ce6c5136db12a12b847"},"time":"2020-06-15T13:06:44+00:00","require":{"php":"^7.3"}},{"version":"4.0.0","version_normalized":"4.0.0.0","source":{"url":"https://github.com/sebastianbergmann/recursion-context.git","type":"git","reference":"cdd86616411fc3062368b720b0425de10bd3d579"},"dist":{"url":"https://api.github.com/repos/sebastianbergmann/recursion-context/zipball/cdd86616411fc3062368b720b0425de10bd3d579","type":"zip","shasum":"","reference":"cdd86616411fc3062368b720b0425de10bd3d579"},"time":"2020-02-07T06:18:20+00:00","support":{"issues":"https://github.com/sebastianbergmann/recursion-context/issues","source":"https://github.com/sebastianbergmann/recursion-context/tree/4.0.0"},"funding":"__unset"},{"version":"3.0.1","version_normalized":"3.0.1.0","source":{"url":"https://github.com/sebastianbergmann/recursion-context.git","type":"git","reference":"367dcba38d6e1977be014dc4b22f47a484dac7fb"},"dist":{"url":"https://api.github.com/repos/sebastianbergmann/recursion-context/zipball/367dcba38d6e1977be014dc4b22f47a484dac7fb","type":"zip","shasum":"","reference":"367dcba38d6e1977be014dc4b22f47a484dac7fb"},"funding":[{"url":"https://github.com/sebastianbergmann","type":"github"}],"time":"2020-11-30T07:34:24+00:00","extra":{"branch-alias":{"dev-master":"3.0.x-dev"}},"require":{"php":">=7.0"},"require-dev":{"phpunit/phpunit":"^6.0"},"support":{"issues":"https://github.com/sebastianbergmann/recursion-context/issues","source":"https://github.com/sebastianbergmann/recursion-context/tree/3.0.1"}},{"version":"3.0.0","version_normalized":"3.0.0.0","authors":[{"name":"Jeff Welch","email":"whatthejeff@gmail.com"},{"name":"Sebastian Bergmann","email":"sebastian@phpunit.de"},{"name":"Adam Harvey","email":"aharvey@php.net"}],"source":{"url":"https://github.com/sebastianbergmann/recursion-context.git","type":"git","reference":"5b0cd723502bac3b006cbf3dbf7a1e3fcefe4fa8"},"dist":{"url":"https://api.github.com/repos/sebastianbergmann/recursion-context/zipball/5b0cd723502bac3b006cbf3dbf7a1e3fcefe4fa8","type":"zip","shasum":"","reference":"5b0cd723502bac3b006cbf3dbf7a1e3fcefe4fa8"},"time":"2017-03-03T06:23:57+00:00","require":{"php":"^7.0"},"support":{"issues":"https://github.com/sebastianbergmann/recursion-context/issues","source":"https://github.com/sebastianbergmann/recursion-context/tree/master"},"funding":"__unset"},{"version":"2.0.0","version_normalized":"2.0.0.0","source":{"url":"https://github.com/sebastianbergmann/recursion-context.git","type":"git","reference":"2c3ba150cbec723aa057506e73a8d33bdb286c9a"},"dist":{"url":"https://api.github.com/repos/sebastianbergmann/recursion-context/zipball/2c3ba150cbec723aa057506e73a8d33bdb286c9a","type":"zip","shasum":"","reference":"2c3ba150cbec723aa057506e73a8d33bdb286c9a"},"time":"2016-11-19T07:33:16+00:00","extra":{"branch-alias":{"dev-master":"2.0.x-dev"}},"require":{"php":">=5.3.3"},"require-dev":{"phpunit/phpunit":"~4.4"}},{"version":"1.0.5","version_normalized":"1.0.5.0","source":{"url":"https://github.com/sebastianbergmann/recursion-context.git","type":"git","reference":"b19cc3298482a335a95f3016d2f8a6950f0fbcd7"},"dist":{"url":"https://api.github.com/repos/sebastianbergmann/recursion-context/zipball/b19cc3298482a335a95f3016d2f8a6950f0fbcd7","type":"zip","shasum":"","reference":"b19cc3298482a335a95f3016d2f8a6950f0fbcd7"},"time":"2016-10-03T07:41:43+00:00","extra":{"branch-alias":{"dev-master":"1.0.x-dev"}}},{"version":"1.0.2","version_normalized":"1.0.2.0","source":{"url":"https://github.com/sebastianbergmann/recursion-context.git","type":"git","reference":"913401df809e99e4f47b27cdd781f4a258d58791"},"dist":{"url":"https://api.github.com/repos/sebastianbergmann/recursion-context/zipball/913401df809e99e4f47b27cdd781f4a258d58791","type":"zip","shasum":"","reference":"913401df809e99e4f47b27cdd781f4a258d58791"},"time":"2015-11-11T19:50:13+00:00","support":{"issues":"https://github.com/sebastianbergmann/recursion-context/issues","source":"https://github.com/sebastianbergmann/recursion-context/tree/1.0.2"}},{"version":"1.0.1","version_normalized":"1.0.1.0","source":{"url":"https://github.com/sebastianbergmann/recursion-context.git","type":"git","reference":"994d4a811bafe801fb06dccbee797863ba2792ba"},"dist":{"url":"https://api.github.com/repos/sebastianbergmann/recursion-context/zipball/994d4a811bafe801fb06dccbee797863ba2792ba","type":"zip","shasum":"","reference":"994d4a811bafe801fb06dccbee797863ba2792ba"},"time":"2015-06-21T08:04:50+00:00","support":{"issues":"https://github.com/sebastianbergmann/recursion-context/issues","source":"https://github.com/sebastianbergmann/recursion-context/tree/master"}},{"version":"1.0.0","version_normalized":"1.0.0.0","source":{"url":"https://github.com/sebastianbergmann/recursion-context.git","type":"git","reference":"3989662bbb30a29d20d9faa04a846af79b276252"},"dist":{"url":"https://api.github.com/repos/sebastianbergmann/recursion-context/zipball/3989662bbb30a29d20d9faa04a846af79b276252","type":"zip","shasum":"","reference":"3989662bbb30a29d20d9faa04a846af79b276252"},"time":"2015-01-24T09:48:32+00:00","support":{"issues":"https://github.com/sebastianbergmann/recursion-context/issues","source":"https://github.com/sebastianbergmann/recursion-context/tree/1.0.0"}}]},"security-advisories":[],"last-modified":"Wed, 06 Sep 2023 12:18:22 GMT"}