{"minified":"composer/2.0","packages":{"sebastian/resource-operations":[{"name":"sebastian/resource-operations","description":"Provides a list of PHP built-in functions that operate on resources","keywords":[],"homepage":"https://www.github.com/sebastianbergmann/resource-operations","version":"3.0.3","version_normalized":"3.0.3.0","license":["BSD-3-Clause"],"authors":[{"name":"Sebastian Bergmann","email":"sebastian@phpunit.de"}],"source":{"url":"https://github.com/sebastianbergmann/resource-operations.git","type":"git","reference":"0f4443cb3a1d92ce809899753bc0d5d5a8dd19a8"},"dist":{"url":"https://api.github.com/repos/sebastianbergmann/resource-operations/zipball/0f4443cb3a1d92ce809899753bc0d5d5a8dd19a8","type":"zip","shasum":"","reference":"0f4443cb3a1d92ce809899753bc0d5d5a8dd19a8"},"type":"library","funding":[{"url":"https://github.com/sebastianbergmann","type":"github"}],"time":"2020-09-28T06:45:17+00:00","autoload":{"classmap":["src/"]},"extra":{"branch-alias":{"dev-master":"3.0-dev"}},"require":{"php":">=7.3"},"require-dev":{"phpunit/phpunit":"^9.0"},"support":{"issues":"https://github.com/sebastianbergmann/resource-operations/issues","source":"https://github.com/sebastianbergmann/resource-operations/tree/3.0.3"}},{"version":"3.0.2","version_normalized":"3.0.2.0","source":{"url":"https://github.com/sebastianbergmann/resource-operations.git","type":"git","reference":"0653718a5a629b065e91f774595267f8dc32e213"},"dist":{"url":"https://api.github.com/repos/sebastianbergmann/resource-operations/zipball/0653718a5a629b065e91f774595267f8dc32e213","type":"zip","shasum":"","reference":"0653718a5a629b065e91f774595267f8dc32e213"},"time":"2020-06-26T12:16:22+00:00","require":{"php":"^7.3 || ^8.0"},"support":{"issues":"https://github.com/sebastianbergmann/resource-operations/issues","source":"https://github.com/sebastianbergmann/resource-operations/tree/3.0.2"}},{"version":"3.0.1","version_normalized":"3.0.1.0","source":{"url":"https://github.com/sebastianbergmann/resource-operations.git","type":"git","reference":"71421c1745788de4facae1b79af923650bd3ec15"},"dist":{"url":"https://api.github.com/repos/sebastianbergmann/resource-operations/zipball/71421c1745788de4facae1b79af923650bd3ec15","type":"zip","shasum":"","reference":"71421c1745788de4facae1b79af923650bd3ec15"},"time":"2020-06-15T13:17:14+00:00","require":{"php":"^7.3"},"support":{"issues":"https://github.com/sebastianbergmann/resource-operations/issues","source":"https://github.com/sebastianbergmann/resource-operations/tree/3.0.1"}},{"version":"3.0.0","version_normalized":"3.0.0.0","source":{"url":"https://github.com/sebastianbergmann/resource-operations.git","type":"git","reference":"8c98bf0dfa1f9256d0468b9803a1e1df31b6fa98"},"dist":{"url":"https://api.github.com/repos/sebastianbergmann/resource-operations/zipball/8c98bf0dfa1f9256d0468b9803a1e1df31b6fa98","type":"zip","shasum":"","reference":"8c98bf0dfa1f9256d0468b9803a1e1df31b6fa98"},"time":"2020-02-07T06:13:02+00:00","support":{"issues":"https://github.com/sebastianbergmann/resource-operations/issues","source":"https://github.com/sebastianbergmann/resource-operations/tree/master"},"funding":"__unset"},{"version":"2.0.2","version_normalized":"2.0.2.0","source":{"url":"https://github.com/sebastianbergmann/resource-operations.git","type":"git","reference":"31d35ca87926450c44eae7e2611d45a7a65ea8b3"},"dist":{"url":"https://api.github.com/repos/sebastianbergmann/resource-operations/zipball/31d35ca87926450c44eae7e2611d45a7a65ea8b3","type":"zip","shasum":"","reference":"31d35ca87926450c44eae7e2611d45a7a65ea8b3"},"funding":[{"url":"https://github.com/sebastianbergmann","type":"github"}],"time":"2020-11-30T07:30:19+00:00","extra":{"branch-alias":{"dev-master":"2.0-dev"}},"require":{"php":">=7.1"},"support":{"issues":"https://github.com/sebastianbergmann/resource-operations/issues","source":"https://github.com/sebastianbergmann/resource-operations/tree/2.0.2"},"require-dev":"__unset"},{"version":"2.0.1","version_normalized":"2.0.1.0","source":{"url":"https://github.com/sebastianbergmann/resource-operations.git","type":"git","reference":"4d7a795d35b889bf80a0cc04e08d77cedfa917a9"},"dist":{"url":"https://api.github.com/repos/sebastianbergmann/resource-operations/zipball/4d7a795d35b889bf80a0cc04e08d77cedfa917a9","type":"zip","shasum":"","reference":"4d7a795d35b889bf80a0cc04e08d77cedfa917a9"},"time":"2018-10-04T04:07:39+00:00","require":{"php":"^7.1"},"support":{"issues":"https://github.com/sebastianbergmann/resource-operations/issues","source":"https://github.com/sebastianbergmann/resource-operations/tree/master"},"funding":"__unset"},{"version":"2.0.0","version_normalized":"2.0.0.0","source":{"url":"https://github.com/sebastianbergmann/resource-operations.git","type":"git","reference":"756a75a44cb3164fd47435c36336e464c5028b34"},"dist":{"url":"https://api.github.com/repos/sebastianbergmann/resource-operations/zipball/756a75a44cb3164fd47435c36336e464c5028b34","type":"zip","shasum":"","reference":"756a75a44cb3164fd47435c36336e464c5028b34"},"time":"2018-09-27T10:49:20+00:00","extra":{"branch-alias":[]}},{"version":"1.0.0","version_normalized":"1.0.0.0","source":{"url":"https://github.com/sebastianbergmann/resource-operations.git","type":"git","reference":"ce990bb21759f94aeafd30209e8cfcdfa8bc3f52"},"dist":{"url":"https://api.github.com/repos/sebastianbergmann/resource-operations/zipball/ce990bb21759f94aeafd30209e8cfcdfa8bc3f52","type":"zip","shasum":"","reference":"ce990bb21759f94aeafd30209e8cfcdfa8bc3f52"},"time":"2015-07-28T20:34:47+00:00","extra":{"branch-alias":{"dev-master":"1.0.x-dev"}},"require":{"php":">=5.6.0"}}]},"security-advisories":[],"last-modified":"Wed, 06 Sep 2023 12:20:49 GMT"}