{"minified":"composer/2.0","packages":{"sebastian/global-state":[{"name":"sebastian/global-state","description":"Snapshotting of global state","keywords":["global state"],"homepage":"http://www.github.com/sebastianbergmann/global-state","version":"6.0.1","version_normalized":"6.0.1.0","license":["BSD-3-Clause"],"authors":[{"name":"Sebastian Bergmann","email":"sebastian@phpunit.de"}],"source":{"url":"https://github.com/sebastianbergmann/global-state.git","type":"git","reference":"7ea9ead78f6d380d2a667864c132c2f7b83055e4"},"dist":{"url":"https://api.github.com/repos/sebastianbergmann/global-state/zipball/7ea9ead78f6d380d2a667864c132c2f7b83055e4","type":"zip","shasum":"","reference":"7ea9ead78f6d380d2a667864c132c2f7b83055e4"},"type":"library","funding":[{"url":"https://github.com/sebastianbergmann","type":"github"}],"time":"2023-07-19T07:19:23+00:00","autoload":{"classmap":["src/"]},"extra":{"branch-alias":{"dev-main":"6.0-dev"}},"require":{"php":">=8.1","sebastian/object-reflector":"^3.0","sebastian/recursion-context":"^5.0"},"require-dev":{"ext-dom":"*","phpunit/phpunit":"^10.0"},"support":{"issues":"https://github.com/sebastianbergmann/global-state/issues","security":"https://github.com/sebastianbergmann/global-state/security/policy","source":"https://github.com/sebastianbergmann/global-state/tree/6.0.1"}},{"version":"6.0.0","version_normalized":"6.0.0.0","source":{"url":"https://github.com/sebastianbergmann/global-state.git","type":"git","reference":"aab257c712de87b90194febd52e4d184551c2d44"},"dist":{"url":"https://api.github.com/repos/sebastianbergmann/global-state/zipball/aab257c712de87b90194febd52e4d184551c2d44","type":"zip","shasum":"","reference":"aab257c712de87b90194febd52e4d184551c2d44"},"time":"2023-02-03T07:07:38+00:00","support":{"issues":"https://github.com/sebastianbergmann/global-state/issues","source":"https://github.com/sebastianbergmann/global-state/tree/6.0.0"}},{"version":"5.0.6","version_normalized":"5.0.6.0","source":{"url":"https://github.com/sebastianbergmann/global-state.git","type":"git","reference":"bde739e7565280bda77be70044ac1047bc007e34"},"dist":{"url":"https://api.github.com/repos/sebastianbergmann/global-state/zipball/bde739e7565280bda77be70044ac1047bc007e34","type":"zip","shasum":"","reference":"bde739e7565280bda77be70044ac1047bc007e34"},"time":"2023-08-02T09:26:13+00:00","extra":{"branch-alias":{"dev-master":"5.0-dev"}},"require":{"php":">=7.3","sebastian/object-reflector":"^2.0","sebastian/recursion-context":"^4.0"},"require-dev":{"ext-dom":"*","phpunit/phpunit":"^9.3"},"suggest":{"ext-uopz":"*"},"support":{"issues":"https://github.com/sebastianbergmann/global-state/issues","source":"https://github.com/sebastianbergmann/global-state/tree/5.0.6"}},{"version":"5.0.5","version_normalized":"5.0.5.0","source":{"url":"https://github.com/sebastianbergmann/global-state.git","type":"git","reference":"0ca8db5a5fc9c8646244e629625ac486fa286bf2"},"dist":{"url":"https://api.github.com/repos/sebastianbergmann/global-state/zipball/0ca8db5a5fc9c8646244e629625ac486fa286bf2","type":"zip","shasum":"","reference":"0ca8db5a5fc9c8646244e629625ac486fa286bf2"},"time":"2022-02-14T08:28:10+00:00","support":{"issues":"https://github.com/sebastianbergmann/global-state/issues","source":"https://github.com/sebastianbergmann/global-state/tree/5.0.5"}},{"version":"5.0.4","version_normalized":"5.0.4.0","source":{"url":"https://github.com/sebastianbergmann/global-state.git","type":"git","reference":"19c519631c5a511b7ed0ad64a6713fdb3fd25fe4"},"dist":{"url":"https://api.github.com/repos/sebastianbergmann/global-state/zipball/19c519631c5a511b7ed0ad64a6713fdb3fd25fe4","type":"zip","shasum":"","reference":"19c519631c5a511b7ed0ad64a6713fdb3fd25fe4"},"time":"2022-02-10T07:01:19+00:00","support":{"issues":"https://github.com/sebastianbergmann/global-state/issues","source":"https://github.com/sebastianbergmann/global-state/tree/5.0.4"}},{"version":"5.0.3","version_normalized":"5.0.3.0","source":{"url":"https://github.com/sebastianbergmann/global-state.git","type":"git","reference":"23bd5951f7ff26f12d4e3242864df3e08dec4e49"},"dist":{"url":"https://api.github.com/repos/sebastianbergmann/global-state/zipball/23bd5951f7ff26f12d4e3242864df3e08dec4e49","type":"zip","shasum":"","reference":"23bd5951f7ff26f12d4e3242864df3e08dec4e49"},"time":"2021-06-11T13:31:12+00:00","support":{"issues":"https://github.com/sebastianbergmann/global-state/issues","source":"https://github.com/sebastianbergmann/global-state/tree/5.0.3"}},{"version":"5.0.2","version_normalized":"5.0.2.0","source":{"url":"https://github.com/sebastianbergmann/global-state.git","type":"git","reference":"a90ccbddffa067b51f574dea6eb25d5680839455"},"dist":{"url":"https://api.github.com/repos/sebastianbergmann/global-state/zipball/a90ccbddffa067b51f574dea6eb25d5680839455","type":"zip","shasum":"","reference":"a90ccbddffa067b51f574dea6eb25d5680839455"},"time":"2020-10-26T15:55:19+00:00","support":{"issues":"https://github.com/sebastianbergmann/global-state/issues","source":"https://github.com/sebastianbergmann/global-state/tree/5.0.2"}},{"version":"5.0.1","version_normalized":"5.0.1.0","source":{"url":"https://github.com/sebastianbergmann/global-state.git","type":"git","reference":"ea779cb749a478b22a2564ac41cd7bda79c78dc7"},"dist":{"url":"https://api.github.com/repos/sebastianbergmann/global-state/zipball/ea779cb749a478b22a2564ac41cd7bda79c78dc7","type":"zip","shasum":"","reference":"ea779cb749a478b22a2564ac41cd7bda79c78dc7"},"time":"2020-09-28T05:54:06+00:00","support":{"issues":"https://github.com/sebastianbergmann/global-state/issues","source":"https://github.com/sebastianbergmann/global-state/tree/5.0.1"}},{"version":"5.0.0","version_normalized":"5.0.0.0","source":{"url":"https://github.com/sebastianbergmann/global-state.git","type":"git","reference":"22ae663c951bdc39da96603edc3239ed3a299097"},"dist":{"url":"https://api.github.com/repos/sebastianbergmann/global-state/zipball/22ae663c951bdc39da96603edc3239ed3a299097","type":"zip","shasum":"","reference":"22ae663c951bdc39da96603edc3239ed3a299097"},"time":"2020-08-07T04:09:03+00:00","require":{"php":"^7.3 || ^8.0","sebastian/object-reflector":"^2.0","sebastian/recursion-context":"^4.0"},"support":{"issues":"https://github.com/sebastianbergmann/global-state/issues","source":"https://github.com/sebastianbergmann/global-state/tree/5.0.0"}},{"version":"4.0.0","version_normalized":"4.0.0.0","source":{"url":"https://github.com/sebastianbergmann/global-state.git","type":"git","reference":"bdb1e7c79e592b8c82cb1699be3c8743119b8a72"},"dist":{"url":"https://api.github.com/repos/sebastianbergmann/global-state/zipball/bdb1e7c79e592b8c82cb1699be3c8743119b8a72","type":"zip","shasum":"","reference":"bdb1e7c79e592b8c82cb1699be3c8743119b8a72"},"time":"2020-02-07T06:11:37+00:00","extra":{"branch-alias":{"dev-master":"4.0-dev"}},"require":{"php":"^7.3","sebastian/object-reflector":"^2.0","sebastian/recursion-context":"^4.0"},"require-dev":{"ext-dom":"*","phpunit/phpunit":"^9.0"},"support":{"issues":"https://github.com/sebastianbergmann/global-state/issues","source":"https://github.com/sebastianbergmann/global-state/tree/master"},"funding":"__unset"},{"version":"3.0.3","version_normalized":"3.0.3.0","source":{"url":"https://github.com/sebastianbergmann/global-state.git","type":"git","reference":"66783ce213de415b451b904bfef9dda0cf9aeae0"},"dist":{"url":"https://api.github.com/repos/sebastianbergmann/global-state/zipball/66783ce213de415b451b904bfef9dda0cf9aeae0","type":"zip","shasum":"","reference":"66783ce213de415b451b904bfef9dda0cf9aeae0"},"funding":[{"url":"https://github.com/sebastianbergmann","type":"github"}],"time":"2023-08-02T09:23:32+00:00","extra":{"branch-alias":{"dev-master":"3.0-dev"}},"require":{"php":">=7.2","sebastian/object-reflector":"^1.1.1","sebastian/recursion-context":"^3.0"},"require-dev":{"ext-dom":"*","phpunit/phpunit":"^8.0"},"support":{"issues":"https://github.com/sebastianbergmann/global-state/issues","source":"https://github.com/sebastianbergmann/global-state/tree/3.0.3"}},{"version":"3.0.2","version_normalized":"3.0.2.0","source":{"url":"https://github.com/sebastianbergmann/global-state.git","type":"git","reference":"de036ec91d55d2a9e0db2ba975b512cdb1c23921"},"dist":{"url":"https://api.github.com/repos/sebastianbergmann/global-state/zipball/de036ec91d55d2a9e0db2ba975b512cdb1c23921","type":"zip","shasum":"","reference":"de036ec91d55d2a9e0db2ba975b512cdb1c23921"},"time":"2022-02-10T06:55:38+00:00","support":{"issues":"https://github.com/sebastianbergmann/global-state/issues","source":"https://github.com/sebastianbergmann/global-state/tree/3.0.2"}},{"version":"3.0.1","version_normalized":"3.0.1.0","source":{"url":"https://github.com/sebastianbergmann/global-state.git","type":"git","reference":"474fb9edb7ab891665d3bfc6317f42a0a150454b"},"dist":{"url":"https://api.github.com/repos/sebastianbergmann/global-state/zipball/474fb9edb7ab891665d3bfc6317f42a0a150454b","type":"zip","shasum":"","reference":"474fb9edb7ab891665d3bfc6317f42a0a150454b"},"time":"2020-11-30T07:43:24+00:00","support":{"issues":"https://github.com/sebastianbergmann/global-state/issues","source":"https://github.com/sebastianbergmann/global-state/tree/3.0.1"}},{"version":"3.0.0","version_normalized":"3.0.0.0","source":{"url":"https://github.com/sebastianbergmann/global-state.git","type":"git","reference":"edf8a461cf1d4005f19fb0b6b8b95a9f7fa0adc4"},"dist":{"url":"https://api.github.com/repos/sebastianbergmann/global-state/zipball/edf8a461cf1d4005f19fb0b6b8b95a9f7fa0adc4","type":"zip","shasum":"","reference":"edf8a461cf1d4005f19fb0b6b8b95a9f7fa0adc4"},"time":"2019-02-01T05:30:01+00:00","require":{"php":"^7.2","sebastian/object-reflector":"^1.1.1","sebastian/recursion-context":"^3.0"},"support":{"issues":"https://github.com/sebastianbergmann/global-state/issues","source":"https://github.com/sebastianbergmann/global-state/tree/master"},"funding":"__unset"},{"version":"2.0.0","version_normalized":"2.0.0.0","source":{"url":"https://github.com/sebastianbergmann/global-state.git","type":"git","reference":"e8ba02eed7bbbb9e59e43dedd3dddeff4a56b0c4"},"dist":{"url":"https://api.github.com/repos/sebastianbergmann/global-state/zipball/e8ba02eed7bbbb9e59e43dedd3dddeff4a56b0c4","type":"zip","shasum":"","reference":"e8ba02eed7bbbb9e59e43dedd3dddeff4a56b0c4"},"time":"2017-04-27T15:39:26+00:00","extra":{"branch-alias":{"dev-master":"2.0-dev"}},"require":{"php":"^7.0"},"require-dev":{"phpunit/phpunit":"^6.0"},"support":{"issues":"https://github.com/sebastianbergmann/global-state/issues","source":"https://github.com/sebastianbergmann/global-state/tree/2.0.0"}},{"version":"1.1.1","version_normalized":"1.1.1.0","source":{"url":"https://github.com/sebastianbergmann/global-state.git","type":"git","reference":"bc37d50fea7d017d3d340f230811c9f1d7280af4"},"dist":{"url":"https://api.github.com/repos/sebastianbergmann/global-state/zipball/bc37d50fea7d017d3d340f230811c9f1d7280af4","type":"zip","shasum":"","reference":"bc37d50fea7d017d3d340f230811c9f1d7280af4"},"time":"2015-10-12T03:26:01+00:00","extra":{"branch-alias":{"dev-master":"1.0-dev"}},"require":{"php":">=5.3.3"},"require-dev":{"phpunit/phpunit":"~4.2"},"support":{"issues":"https://github.com/sebastianbergmann/global-state/issues","source":"https://github.com/sebastianbergmann/global-state/tree/1.1.1"}},{"version":"1.1.0","version_normalized":"1.1.0.0","source":{"url":"https://github.com/sebastianbergmann/global-state.git","type":"git","reference":"23af31f402993cfd94e99cbc4b782e9a78eb0e97"},"dist":{"url":"https://api.github.com/repos/sebastianbergmann/global-state/zipball/23af31f402993cfd94e99cbc4b782e9a78eb0e97","type":"zip","shasum":"","reference":"23af31f402993cfd94e99cbc4b782e9a78eb0e97"},"time":"2015-06-21T15:11:22+00:00","support":{"issues":"https://github.com/sebastianbergmann/global-state/issues","source":"https://github.com/sebastianbergmann/global-state/tree/master"}},{"version":"1.0.0","version_normalized":"1.0.0.0","source":{"url":"https://github.com/sebastianbergmann/global-state.git","type":"git","reference":"c7428acdb62ece0a45e6306f1ae85e1c05b09c01"},"dist":{"url":"https://api.github.com/repos/sebastianbergmann/global-state/zipball/c7428acdb62ece0a45e6306f1ae85e1c05b09c01","type":"zip","shasum":"","reference":"c7428acdb62ece0a45e6306f1ae85e1c05b09c01"},"time":"2014-10-06T09:23:50+00:00"}]},"security-advisories":[],"last-modified":"Wed, 06 Sep 2023 12:16:35 GMT"}