{"minified":"composer/2.0","packages":{"psr/http-factory":[{"name":"psr/http-factory","description":"Common interfaces for PSR-7 HTTP message factories","keywords":["http","response","message","request","factory","psr","psr-7","psr-17"],"homepage":"","version":"1.0.2","version_normalized":"1.0.2.0","license":["MIT"],"authors":[{"name":"PHP-FIG","homepage":"https://www.php-fig.org/"}],"source":{"url":"https://github.com/php-fig/http-factory.git","type":"git","reference":"e616d01114759c4c489f93b099585439f795fe35"},"dist":{"url":"https://api.github.com/repos/php-fig/http-factory/zipball/e616d01114759c4c489f93b099585439f795fe35","type":"zip","shasum":"","reference":"e616d01114759c4c489f93b099585439f795fe35"},"type":"library","time":"2023-04-10T20:10:41+00:00","autoload":{"psr-4":{"Psr\\Http\\Message\\":"src/"}},"extra":{"branch-alias":{"dev-master":"1.0.x-dev"}},"require":{"php":">=7.0.0","psr/http-message":"^1.0 || ^2.0"},"support":{"source":"https://github.com/php-fig/http-factory/tree/1.0.2"}},{"version":"1.0.1","version_normalized":"1.0.1.0","authors":[{"name":"PHP-FIG","homepage":"http://www.php-fig.org/"}],"source":{"url":"https://github.com/php-fig/http-factory.git","type":"git","reference":"12ac7fcd07e5b077433f5f2bee95b3a771bf61be"},"dist":{"url":"https://api.github.com/repos/php-fig/http-factory/zipball/12ac7fcd07e5b077433f5f2bee95b3a771bf61be","type":"zip","shasum":"","reference":"12ac7fcd07e5b077433f5f2bee95b3a771bf61be"},"time":"2019-04-30T12:38:16+00:00","require":{"php":">=7.0.0","psr/http-message":"^1.0"},"support":{"source":"https://github.com/php-fig/http-factory/tree/master"}},{"version":"1.0.0","version_normalized":"1.0.0.0","source":{"url":"https://github.com/php-fig/http-factory.git","type":"git","reference":"378bfe27931ecc54ff824a20d6f6bfc303bbd04c"},"dist":{"url":"https://api.github.com/repos/php-fig/http-factory/zipball/378bfe27931ecc54ff824a20d6f6bfc303bbd04c","type":"zip","shasum":"","reference":"378bfe27931ecc54ff824a20d6f6bfc303bbd04c"},"time":"2018-07-30T21:54:04+00:00","support":{"issues":"https://github.com/php-fig/http-factory/issues","source":"https://github.com/php-fig/http-factory/tree/master"}}]},"security-advisories":[],"last-modified":"Wed, 06 Sep 2023 12:41:28 GMT"}