{"minified":"composer/2.0","packages":{"api-ecosystem-for-laravel/dingo-api":[{"name":"api-ecosystem-for-laravel/dingo-api","description":"A RESTful API package for the Laravel and Lumen frameworks.","keywords":["api","restful","laravel","dingo"],"homepage":"","version":"v4.1.1","version_normalized":"4.1.1.0","license":["BSD-3-Clause"],"authors":[{"name":"Jason Lewis","email":"jason.lewis1991@gmail.com"}],"source":{"url":"https://github.com/api-ecosystem-for-laravel/dingo-api.git","type":"git","reference":"dfeb976428006b0268f084114ac221b0912c2957"},"dist":{"url":"https://api.github.com/repos/api-ecosystem-for-laravel/dingo-api/zipball/dfeb976428006b0268f084114ac221b0912c2957","type":"zip","shasum":"","reference":"dfeb976428006b0268f084114ac221b0912c2957"},"type":"library","time":"2023-05-24T10:20:45+00:00","autoload":{"files":["src/helpers.php"],"psr-4":{"Dingo\\Api\\":"src/"}},"extra":{"branch-alias":{"dev-master":"2.0-dev"},"laravel":{"providers":["Dingo\\Api\\Provider\\LaravelServiceProvider"],"aliases":{"API":"Dingo\\Api\\Facade\\API"}}},"require":{"php":"^8.0","dingo/blueprint":"^0.4.5","illuminate/routing":"^9.0|^10.0","illuminate/support":"^9.0|^10.0","league/fractal":"^0.20"},"require-dev":{"friendsofphp/php-cs-fixer":"~3","illuminate/auth":"^9.0|^10.0","illuminate/cache":"^9.0|^10.0","illuminate/console":"^9.0|^10.0","illuminate/database":"^9.0|^10.0","illuminate/events":"^9.0|^10.0","illuminate/filesystem":"^9.0|^10.0","illuminate/log":"^9.0|^10.0","illuminate/pagination":"^9.0|^10.0","laravel/lumen-framework":"^9.0|^10.0","mockery/mockery":"~1.0","phpunit/phpunit":"^9.0","squizlabs/php_codesniffer":"~2.0","php-open-source-saver/jwt-auth":"^1.4"},"suggest":{"php-open-source-saver/jwt-auth":"Protect your API with JSON Web Tokens."},"support":{"issues":"https://github.com/api-ecosystem-for-laravel/dingo-api/issues","source":"https://github.com/api-ecosystem-for-laravel/dingo-api/tree/v4.1.1"}},{"version":"v4.1.0","version_normalized":"4.1.0.0","source":{"url":"https://github.com/api-ecosystem-for-laravel/dingo-api.git","type":"git","reference":"ba1ff8111553a913447a084bcbdafac8e38105be"},"dist":{"url":"https://api.github.com/repos/api-ecosystem-for-laravel/dingo-api/zipball/ba1ff8111553a913447a084bcbdafac8e38105be","type":"zip","shasum":"","reference":"ba1ff8111553a913447a084bcbdafac8e38105be"},"time":"2023-05-04T02:10:24+00:00","support":{"issues":"https://github.com/api-ecosystem-for-laravel/dingo-api/issues","source":"https://github.com/api-ecosystem-for-laravel/dingo-api/tree/v4.1.0"}},{"version":"v4.0.2","version_normalized":"4.0.2.0","source":{"url":"https://github.com/api-ecosystem-for-laravel/dingo-api.git","type":"git","reference":"634bed017c4c8a4cbc6db60e59aec5f0109eed5c"},"dist":{"url":"https://api.github.com/repos/api-ecosystem-for-laravel/dingo-api/zipball/634bed017c4c8a4cbc6db60e59aec5f0109eed5c","type":"zip","shasum":"","reference":"634bed017c4c8a4cbc6db60e59aec5f0109eed5c"},"time":"2022-08-31T13:01:59+00:00","require":{"php":"^8.0","dingo/blueprint":"^0.4.4","illuminate/routing":"^9.0","illuminate/support":"^9.0","league/fractal":"^0.20"},"require-dev":{"friendsofphp/php-cs-fixer":"~3","illuminate/auth":"^9.0","illuminate/cache":"^9.0","illuminate/console":"^9.0","illuminate/database":"^9.0","illuminate/events":"^9.0","illuminate/filesystem":"^9.0","illuminate/log":"^9.0","illuminate/pagination":"^9.0","laravel/lumen-framework":"^9.0","mockery/mockery":"~1.0","phpunit/phpunit":"^9.0","squizlabs/php_codesniffer":"~2.0","php-open-source-saver/jwt-auth":"^1.4"},"support":{"issues":"https://github.com/api-ecosystem-for-laravel/dingo-api/issues","source":"https://github.com/api-ecosystem-for-laravel/dingo-api/tree/v4.0.2"}},{"version":"v4.0.1","version_normalized":"4.0.1.0","source":{"url":"https://github.com/api-ecosystem-for-laravel/dingo-api.git","type":"git","reference":"25ebd2d8df9e155578a3b0f05ddf72fee5536660"},"dist":{"url":"https://api.github.com/repos/api-ecosystem-for-laravel/dingo-api/zipball/25ebd2d8df9e155578a3b0f05ddf72fee5536660","type":"zip","shasum":"","reference":"25ebd2d8df9e155578a3b0f05ddf72fee5536660"},"time":"2022-08-20T09:08:59+00:00","support":{"issues":"https://github.com/api-ecosystem-for-laravel/dingo-api/issues","source":"https://github.com/api-ecosystem-for-laravel/dingo-api/tree/v4.0.1"}},{"version":"v4.0.0","version_normalized":"4.0.0.0","source":{"url":"https://github.com/api-ecosystem-for-laravel/dingo-api.git","type":"git","reference":"31bf02692bcec4724da37c9c35b0820951e5e7fe"},"dist":{"url":"https://api.github.com/repos/api-ecosystem-for-laravel/dingo-api/zipball/31bf02692bcec4724da37c9c35b0820951e5e7fe","type":"zip","shasum":"","reference":"31bf02692bcec4724da37c9c35b0820951e5e7fe"},"time":"2022-08-20T09:06:35+00:00","support":{"issues":"https://github.com/api-ecosystem-for-laravel/dingo-api/issues","source":"https://github.com/api-ecosystem-for-laravel/dingo-api/tree/v4.0.0"}},{"version":"v3.1.1","version_normalized":"3.1.1.0","source":{"url":"https://github.com/api-ecosystem-for-laravel/dingo-api.git","type":"git","reference":"ac4de98c1a7b1f533d31623a3df1a17abf0af23e"},"dist":{"url":"https://api.github.com/repos/api-ecosystem-for-laravel/dingo-api/zipball/ac4de98c1a7b1f533d31623a3df1a17abf0af23e","type":"zip","shasum":"","reference":"ac4de98c1a7b1f533d31623a3df1a17abf0af23e"},"time":"2022-01-30T13:37:55+00:00","require":{"php":"^7.2.5|^8.0","dingo/blueprint":"^0.4","illuminate/routing":"^7.0|^8.0","illuminate/support":"^7.0|^8.0","league/fractal":"^0.19"},"require-dev":{"friendsofphp/php-cs-fixer":"~2","illuminate/auth":"^7.0|^8.0","illuminate/cache":"^7.0|^8.0","illuminate/console":"^7.0|^8.0","illuminate/database":"^7.0|^8.0","illuminate/events":"^7.0|^8.0","illuminate/filesystem":"^7.0|^8.0","illuminate/log":"^7.0|^8.0","illuminate/pagination":"^7.0|^8.0","laravel/lumen-framework":"^7.0|^8.0","mockery/mockery":"~1.0","phpunit/phpunit":"^8.5|^9.0","squizlabs/php_codesniffer":"~2.0","php-open-source-saver/jwt-auth":"^1.4"},"support":{"issues":"https://github.com/api-ecosystem-for-laravel/dingo-api/issues","source":"https://github.com/api-ecosystem-for-laravel/dingo-api/tree/v3.1.1"}},{"version":"v3.1.0","version_normalized":"3.1.0.0","source":{"url":"https://github.com/api-ecosystem-for-laravel/dingo-api.git","type":"git","reference":"0aed272a45aa03ab4450752ba9641c4808d1c415"},"dist":{"url":"https://api.github.com/repos/api-ecosystem-for-laravel/dingo-api/zipball/0aed272a45aa03ab4450752ba9641c4808d1c415","type":"zip","shasum":"","reference":"0aed272a45aa03ab4450752ba9641c4808d1c415"},"time":"2022-01-30T12:06:24+00:00","support":{"issues":"https://github.com/api-ecosystem-for-laravel/dingo-api/issues","source":"https://github.com/api-ecosystem-for-laravel/dingo-api/tree/v3.1.0"}},{"version":"v3.0.8","version_normalized":"3.0.8.0","source":{"url":"https://github.com/api-ecosystem-for-laravel/dingo-api.git","type":"git","reference":"3d8e5dca99ce588710fd700e2d89ce757a8afc41"},"dist":{"url":"https://api.github.com/repos/api-ecosystem-for-laravel/dingo-api/zipball/3d8e5dca99ce588710fd700e2d89ce757a8afc41","type":"zip","shasum":"","reference":"3d8e5dca99ce588710fd700e2d89ce757a8afc41"},"time":"2022-01-27T14:01:27+00:00","require-dev":{"friendsofphp/php-cs-fixer":"~2","illuminate/auth":"^7.0|^8.0","illuminate/cache":"^7.0|^8.0","illuminate/console":"^7.0|^8.0","illuminate/database":"^7.0|^8.0","illuminate/events":"^7.0|^8.0","illuminate/filesystem":"^7.0|^8.0","illuminate/log":"^7.0|^8.0","illuminate/pagination":"^7.0|^8.0","laravel/lumen-framework":"^7.0|^8.0","mockery/mockery":"~1.0","phpunit/phpunit":"^8.5|^9.0","squizlabs/php_codesniffer":"~2.0","tymon/jwt-auth":"1.0.*"},"suggest":{"tymon/jwt-auth":"Protect your API with JSON Web Tokens."},"support":{"issues":"https://github.com/api-ecosystem-for-laravel/dingo-api/issues","source":"https://github.com/api-ecosystem-for-laravel/dingo-api/tree/v3.0.8"}}]},"security-advisories":[],"last-modified":"Wed, 06 Sep 2023 13:18:59 GMT"}