{"minified":"composer/2.0","packages":{"symfony/polyfill-php81":[{"name":"symfony/polyfill-php81","description":"Symfony polyfill backporting some PHP 8.1+ features to lower PHP versions","keywords":["compatibility","portable","polyfill","shim"],"homepage":"https://symfony.com","version":"v1.28.0","version_normalized":"1.28.0.0","license":["MIT"],"authors":[{"name":"Nicolas Grekas","email":"p@tchwork.com"},{"name":"Symfony Community","homepage":"https://symfony.com/contributors"}],"source":{"url":"https://github.com/symfony/polyfill-php81.git","type":"git","reference":"7581cd600fa9fd681b797d00b02f068e2f13263b"},"dist":{"url":"https://api.github.com/repos/symfony/polyfill-php81/zipball/7581cd600fa9fd681b797d00b02f068e2f13263b","type":"zip","shasum":"","reference":"7581cd600fa9fd681b797d00b02f068e2f13263b"},"type":"library","funding":[{"url":"https://symfony.com/sponsor","type":"custom"},{"url":"https://github.com/fabpot","type":"github"},{"url":"https://tidelift.com/funding/github/packagist/symfony/symfony","type":"tidelift"}],"time":"2023-01-26T09:26:14+00:00","autoload":{"files":["bootstrap.php"],"psr-4":{"Symfony\\Polyfill\\Php81\\":""},"classmap":["Resources/stubs"]},"extra":{"branch-alias":{"dev-main":"1.28-dev"},"thanks":{"name":"symfony/polyfill","url":"https://github.com/symfony/polyfill"}},"require":{"php":">=7.1"},"support":{"source":"https://github.com/symfony/polyfill-php81/tree/v1.28.0"}},{"version":"v1.27.0","version_normalized":"1.27.0.0","source":{"url":"https://github.com/symfony/polyfill-php81.git","type":"git","reference":"707403074c8ea6e2edaf8794b0157a0bfa52157a"},"dist":{"url":"https://api.github.com/repos/symfony/polyfill-php81/zipball/707403074c8ea6e2edaf8794b0157a0bfa52157a","type":"zip","shasum":"","reference":"707403074c8ea6e2edaf8794b0157a0bfa52157a"},"time":"2022-11-03T14:55:06+00:00","extra":{"branch-alias":{"dev-main":"1.27-dev"},"thanks":{"name":"symfony/polyfill","url":"https://github.com/symfony/polyfill"}},"support":{"source":"https://github.com/symfony/polyfill-php81/tree/v1.27.0"}},{"version":"v1.26.0","version_normalized":"1.26.0.0","source":{"url":"https://github.com/symfony/polyfill-php81.git","type":"git","reference":"13f6d1271c663dc5ae9fb843a8f16521db7687a1"},"dist":{"url":"https://api.github.com/repos/symfony/polyfill-php81/zipball/13f6d1271c663dc5ae9fb843a8f16521db7687a1","type":"zip","shasum":"","reference":"13f6d1271c663dc5ae9fb843a8f16521db7687a1"},"time":"2022-05-24T11:49:31+00:00","extra":{"branch-alias":{"dev-main":"1.26-dev"},"thanks":{"name":"symfony/polyfill","url":"https://github.com/symfony/polyfill"}},"support":{"source":"https://github.com/symfony/polyfill-php81/tree/v1.26.0"}},{"version":"v1.25.0","version_normalized":"1.25.0.0","source":{"url":"https://github.com/symfony/polyfill-php81.git","type":"git","reference":"5de4ba2d41b15f9bd0e19b2ab9674135813ec98f"},"dist":{"url":"https://api.github.com/repos/symfony/polyfill-php81/zipball/5de4ba2d41b15f9bd0e19b2ab9674135813ec98f","type":"zip","shasum":"","reference":"5de4ba2d41b15f9bd0e19b2ab9674135813ec98f"},"time":"2021-09-13T13:58:11+00:00","extra":{"branch-alias":{"dev-main":"1.23-dev"},"thanks":{"name":"symfony/polyfill","url":"https://github.com/symfony/polyfill"}},"support":{"source":"https://github.com/symfony/polyfill-php81/tree/v1.25.0"}},{"version":"v1.24.0","version_normalized":"1.24.0.0","support":{"source":"https://github.com/symfony/polyfill-php81/tree/v1.24.0"}},{"version":"v1.23.0","version_normalized":"1.23.0.0","source":{"url":"https://github.com/symfony/polyfill-php81.git","type":"git","reference":"e66119f3de95efc359483f810c4c3e6436279436"},"dist":{"url":"https://api.github.com/repos/symfony/polyfill-php81/zipball/e66119f3de95efc359483f810c4c3e6436279436","type":"zip","shasum":"","reference":"e66119f3de95efc359483f810c4c3e6436279436"},"time":"2021-05-21T13:25:03+00:00","support":{"source":"https://github.com/symfony/polyfill-php81/tree/v1.23.0"}},{"version":"v1.22.1","version_normalized":"1.22.1.0","source":{"url":"https://github.com/symfony/polyfill-php81.git","type":"git","reference":"00dedc6d362a1b863dda3f8243516da9fdfbe657"},"dist":{"url":"https://api.github.com/repos/symfony/polyfill-php81/zipball/00dedc6d362a1b863dda3f8243516da9fdfbe657","type":"zip","shasum":"","reference":"00dedc6d362a1b863dda3f8243516da9fdfbe657"},"time":"2021-01-07T16:49:33+00:00","autoload":{"files":["bootstrap.php"],"psr-4":{"Symfony\\Polyfill\\Php81\\":""}},"extra":{"branch-alias":{"dev-main":"1.22-dev"},"thanks":{"name":"symfony/polyfill","url":"https://github.com/symfony/polyfill"}},"support":{"source":"https://github.com/symfony/polyfill-php81/tree/v1.22.1"}},{"version":"v1.22.0","version_normalized":"1.22.0.0","support":{"source":"https://github.com/symfony/polyfill-php81/tree/v1.22.0"}}]},"security-advisories":[],"last-modified":"Wed, 06 Sep 2023 13:09:55 GMT"}