{"minified":"composer/2.0","packages":{"fruitcake/laravel-cors":[{"name":"fruitcake/laravel-cors","description":"Adds CORS (Cross-Origin Resource Sharing) headers support in your Laravel application","keywords":["api","cors","crossdomain","laravel"],"homepage":"","version":"v3.0.0","version_normalized":"3.0.0.0","license":["MIT"],"authors":[{"name":"Fruitcake","homepage":"https://fruitcake.nl"},{"name":"Barry vd. Heuvel","email":"barryvdh@gmail.com"}],"source":{"url":"https://github.com/fruitcake/laravel-cors.git","type":"git","reference":"7c036ec08972d8d5d9db637e772af6887828faf5"},"dist":{"url":"https://api.github.com/repos/fruitcake/laravel-cors/zipball/7c036ec08972d8d5d9db637e772af6887828faf5","type":"zip","shasum":"","reference":"7c036ec08972d8d5d9db637e772af6887828faf5"},"type":"library","funding":[{"url":"https://fruitcake.nl","type":"custom"},{"url":"https://github.com/barryvdh","type":"github"}],"time":"2022-02-23T14:53:22+00:00","autoload":{"psr-4":{"Fruitcake\\Cors\\":"src/"}},"extra":{"branch-alias":{"dev-master":"3.0-dev"},"laravel":{"providers":["Fruitcake\\Cors\\CorsServiceProvider"]}},"require":{"php":"^7.4|^8.0","illuminate/support":"^6|^7|^8|^9","illuminate/contracts":"^6|^7|^8|^9","fruitcake/php-cors":"^1.2"},"require-dev":{"laravel/framework":"^6|^7.24|^8","phpunit/phpunit":"^9","squizlabs/php_codesniffer":"^3.5","orchestra/testbench-dusk":"^4|^5|^6|^7"},"abandoned":true,"support":{"issues":"https://github.com/fruitcake/laravel-cors/issues","source":"https://github.com/fruitcake/laravel-cors/tree/v3.0.0"}},{"version":"v2.2.0","version_normalized":"2.2.0.0","source":{"url":"https://github.com/fruitcake/laravel-cors.git","type":"git","reference":"783a74f5e3431d7b9805be8afb60fd0a8f743534"},"dist":{"url":"https://api.github.com/repos/fruitcake/laravel-cors/zipball/783a74f5e3431d7b9805be8afb60fd0a8f743534","type":"zip","shasum":"","reference":"783a74f5e3431d7b9805be8afb60fd0a8f743534"},"time":"2022-02-23T14:25:13+00:00","extra":{"branch-alias":{"dev-master":"2.1-dev"},"laravel":{"providers":["Fruitcake\\Cors\\CorsServiceProvider"]}},"require":{"php":">=7.2","illuminate/support":"^6|^7|^8|^9","illuminate/contracts":"^6|^7|^8|^9","asm89/stack-cors":"^2.0.1"},"require-dev":{"laravel/framework":"^6|^7.24|^8","phpunit/phpunit":"^6|^7|^8|^9","squizlabs/php_codesniffer":"^3.5","orchestra/testbench-dusk":"^4|^5|^6|^7"},"support":{"issues":"https://github.com/fruitcake/laravel-cors/issues","source":"https://github.com/fruitcake/laravel-cors/tree/v2.2.0"}},{"version":"v2.1.0","version_normalized":"2.1.0.0","source":{"url":"https://github.com/fruitcake/laravel-cors.git","type":"git","reference":"361d71f00a0eea8b74da26ae75d0d207c53aa5b3"},"dist":{"url":"https://api.github.com/repos/fruitcake/laravel-cors/zipball/361d71f00a0eea8b74da26ae75d0d207c53aa5b3","type":"zip","shasum":"","reference":"361d71f00a0eea8b74da26ae75d0d207c53aa5b3"},"time":"2022-02-19T14:17:28+00:00","require":{"php":">=7.2","illuminate/support":"^6|^7|^8|^9","illuminate/contracts":"^6|^7|^8|^9","fruitcake/php-cors":"^1"},"support":{"issues":"https://github.com/fruitcake/laravel-cors/issues","source":"https://github.com/fruitcake/laravel-cors/tree/v2.1.0"}},{"version":"v2.0.5","version_normalized":"2.0.5.0","source":{"url":"https://github.com/fruitcake/laravel-cors.git","type":"git","reference":"3a066e5cac32e2d1cdaacd6b961692778f37b5fc"},"dist":{"url":"https://api.github.com/repos/fruitcake/laravel-cors/zipball/3a066e5cac32e2d1cdaacd6b961692778f37b5fc","type":"zip","shasum":"","reference":"3a066e5cac32e2d1cdaacd6b961692778f37b5fc"},"time":"2022-01-03T14:53:04+00:00","extra":{"branch-alias":{"dev-master":"2.0-dev"},"laravel":{"providers":["Fruitcake\\Cors\\CorsServiceProvider"]}},"require":{"php":">=7.2","illuminate/support":"^6|^7|^8|^9","illuminate/contracts":"^6|^7|^8|^9","symfony/http-foundation":"^4|^5|^6","symfony/http-kernel":"^4.3.4|^5|^6","asm89/stack-cors":"^2.0.1"},"support":{"issues":"https://github.com/fruitcake/laravel-cors/issues","source":"https://github.com/fruitcake/laravel-cors/tree/v2.0.5"}},{"version":"v2.0.4","version_normalized":"2.0.4.0","source":{"url":"https://github.com/fruitcake/laravel-cors.git","type":"git","reference":"a8ccedc7ca95189ead0e407c43b530dc17791d6a"},"dist":{"url":"https://api.github.com/repos/fruitcake/laravel-cors/zipball/a8ccedc7ca95189ead0e407c43b530dc17791d6a","type":"zip","shasum":"","reference":"a8ccedc7ca95189ead0e407c43b530dc17791d6a"},"funding":[{"url":"https://github.com/barryvdh","type":"github"}],"time":"2021-04-26T11:24:25+00:00","require":{"php":">=7.2","illuminate/support":"^6|^7|^8|^9","illuminate/contracts":"^6|^7|^8|^9","symfony/http-foundation":"^4|^5","symfony/http-kernel":"^4.3.4|^5","asm89/stack-cors":"^2.0.1"},"require-dev":{"laravel/framework":"^6|^7|^8","phpunit/phpunit":"^6|^7|^8|^9","squizlabs/php_codesniffer":"^3.5","orchestra/testbench-dusk":"^4|^5|^6|^7"},"support":{"issues":"https://github.com/fruitcake/laravel-cors/issues","source":"https://github.com/fruitcake/laravel-cors/tree/v2.0.4"}},{"version":"v2.0.3","version_normalized":"2.0.3.0","source":{"url":"https://github.com/fruitcake/laravel-cors.git","type":"git","reference":"01de0fe5f71c70d1930ee9a80385f9cc28e0f63a"},"dist":{"url":"https://api.github.com/repos/fruitcake/laravel-cors/zipball/01de0fe5f71c70d1930ee9a80385f9cc28e0f63a","type":"zip","shasum":"","reference":"01de0fe5f71c70d1930ee9a80385f9cc28e0f63a"},"time":"2020-10-22T13:57:20+00:00","require-dev":{"laravel/framework":"^6|^7|^8","phpunit/phpunit":"^6|^7|^8","squizlabs/php_codesniffer":"^3.5","orchestra/testbench-dusk":"^4|^5|^6"},"support":{"issues":"https://github.com/fruitcake/laravel-cors/issues","source":"https://github.com/fruitcake/laravel-cors/tree/v2.0.3"}},{"version":"v2.0.2","version_normalized":"2.0.2.0","source":{"url":"https://github.com/fruitcake/laravel-cors.git","type":"git","reference":"4b19bfc3bd422948af37a42a62fad7f49025894a"},"dist":{"url":"https://api.github.com/repos/fruitcake/laravel-cors/zipball/4b19bfc3bd422948af37a42a62fad7f49025894a","type":"zip","shasum":"","reference":"4b19bfc3bd422948af37a42a62fad7f49025894a"},"time":"2020-09-07T11:48:52+00:00","require":{"php":">=7.2","illuminate/support":"^6|^7|^8","illuminate/contracts":"^6|^7|^8","symfony/http-foundation":"^4|^5","symfony/http-kernel":"^4.3.4|^5","asm89/stack-cors":"^2.0.1"},"support":{"issues":"https://github.com/fruitcake/laravel-cors/issues","source":"https://github.com/fruitcake/laravel-cors/tree/master"}},{"version":"v2.0.1","version_normalized":"2.0.1.0","source":{"url":"https://github.com/fruitcake/laravel-cors.git","type":"git","reference":"dbfc311b25d4873c3c2382b26860be3567492bd6"},"dist":{"url":"https://api.github.com/repos/fruitcake/laravel-cors/zipball/dbfc311b25d4873c3c2382b26860be3567492bd6","type":"zip","shasum":"","reference":"dbfc311b25d4873c3c2382b26860be3567492bd6"},"time":"2020-05-31T07:30:16+00:00","require":{"php":">=7.1","illuminate/support":"^5.6|^6.0|^7.0|^8.0","illuminate/contracts":"^5.6|^6.0|^7.0|^8.0","symfony/http-foundation":"^4.0|^5.0","symfony/http-kernel":"^4.0|^5.0","asm89/stack-cors":"^2.0.1"},"require-dev":{"laravel/framework":"^5.5|^6.0|^7.0|^8.0","phpunit/phpunit":"^6.0|^7.0|^8.0","orchestra/testbench":"^3.5|^4.0|^5.0|^6.0","squizlabs/php_codesniffer":"^3.5","phpro/grumphp":"^0.16|^0.17","orchestra/testbench-dusk":"^5.1","orchestra/dusk-updater":"^1.2"}},{"version":"v2.0.0","version_normalized":"2.0.0.0","source":{"url":"https://github.com/fruitcake/laravel-cors.git","type":"git","reference":"8cc9f7e5f1b9b280ae2378b3624e6b5603e63e8c"},"dist":{"url":"https://api.github.com/repos/fruitcake/laravel-cors/zipball/8cc9f7e5f1b9b280ae2378b3624e6b5603e63e8c","type":"zip","shasum":"","reference":"8cc9f7e5f1b9b280ae2378b3624e6b5603e63e8c"},"time":"2020-05-11T09:29:18+00:00","require":{"php":">=7.1","illuminate/support":"^5.6|^6.0|^7.0|^8.0","illuminate/contracts":"^5.6|^6.0|^7.0|^8.0","symfony/http-foundation":"^4.0|^5.0","symfony/http-kernel":"^4.0|^5.0","asm89/stack-cors":"^2"}},{"version":"v2.0.0-beta3","version_normalized":"2.0.0.0-beta3","source":{"url":"https://github.com/fruitcake/laravel-cors.git","type":"git","reference":"138be6e1a0121f18183a20127a9ee1aca8ae5fc4"},"dist":{"url":"https://api.github.com/repos/fruitcake/laravel-cors/zipball/138be6e1a0121f18183a20127a9ee1aca8ae5fc4","type":"zip","shasum":"","reference":"138be6e1a0121f18183a20127a9ee1aca8ae5fc4"},"time":"2020-04-28T09:11:57+00:00"},{"version":"v2.0.0-beta2","version_normalized":"2.0.0.0-beta2","source":{"url":"https://github.com/fruitcake/laravel-cors.git","type":"git","reference":"b9a342ab0e73b67dffadb856d216c52ed11ba690"},"dist":{"url":"https://api.github.com/repos/fruitcake/laravel-cors/zipball/b9a342ab0e73b67dffadb856d216c52ed11ba690","type":"zip","shasum":"","reference":"b9a342ab0e73b67dffadb856d216c52ed11ba690"},"time":"2020-04-20T10:51:43+00:00"},{"version":"v2.0.0-beta1","version_normalized":"2.0.0.0-beta1","source":{"url":"https://github.com/fruitcake/laravel-cors.git","type":"git","reference":"6a4aac6f760c85ad54424ae8466913b5f639c450"},"dist":{"url":"https://api.github.com/repos/fruitcake/laravel-cors/zipball/6a4aac6f760c85ad54424ae8466913b5f639c450","type":"zip","shasum":"","reference":"6a4aac6f760c85ad54424ae8466913b5f639c450"},"time":"2020-04-18T20:18:17+00:00"},{"version":"v1.0.6","version_normalized":"1.0.6.0","source":{"url":"https://github.com/fruitcake/laravel-cors.git","type":"git","reference":"1d127dbec313e2e227d65e0c483765d8d7559bf6"},"dist":{"url":"https://api.github.com/repos/fruitcake/laravel-cors/zipball/1d127dbec313e2e227d65e0c483765d8d7559bf6","type":"zip","shasum":"","reference":"1d127dbec313e2e227d65e0c483765d8d7559bf6"},"time":"2020-04-28T08:47:37+00:00","extra":{"branch-alias":{"dev-master":"1.0-dev"},"laravel":{"providers":["Fruitcake\\Cors\\CorsServiceProvider"]}},"require":{"php":">=7","illuminate/support":"^5.5|^6.0|^7.0|^8.0","illuminate/contracts":"^5.5|^6.0|^7.0|^8.0","symfony/http-foundation":"^3.3|^4.0|^5.0","symfony/http-kernel":"^3.3|^4.0|^5.0","asm89/stack-cors":"^1.3"},"require-dev":{"laravel/framework":"^5.5|^6.0|^7.0|^8.0","phpunit/phpunit":"^6.0|^7.0|^8.0","orchestra/testbench":"^3.5|^4.0|^5.0|^6.0","squizlabs/php_codesniffer":"^3.5","phpro/grumphp":"^0.16|^0.17"},"support":{"issues":"https://github.com/fruitcake/laravel-cors/issues","source":"https://github.com/fruitcake/laravel-cors/tree/1.0"}},{"version":"v1.0.5","version_normalized":"1.0.5.0","source":{"url":"https://github.com/fruitcake/laravel-cors.git","type":"git","reference":"0e0500133dbb6325266133dd72f040617c9cdbd0"},"dist":{"url":"https://api.github.com/repos/fruitcake/laravel-cors/zipball/0e0500133dbb6325266133dd72f040617c9cdbd0","type":"zip","shasum":"","reference":"0e0500133dbb6325266133dd72f040617c9cdbd0"},"time":"2020-03-11T21:05:07+00:00","support":{"issues":"https://github.com/fruitcake/laravel-cors/issues","source":"https://github.com/fruitcake/laravel-cors/tree/master"}},{"version":"v1.0.4","version_normalized":"1.0.4.0","source":{"url":"https://github.com/fruitcake/laravel-cors.git","type":"git","reference":"138ad34ba5f578283e94c5614f6c48a10bc3ac6a"},"dist":{"url":"https://api.github.com/repos/fruitcake/laravel-cors/zipball/138ad34ba5f578283e94c5614f6c48a10bc3ac6a","type":"zip","shasum":"","reference":"138ad34ba5f578283e94c5614f6c48a10bc3ac6a"},"time":"2020-02-21T13:24:15+00:00","funding":"__unset"},{"version":"v1.0.3","version_normalized":"1.0.3.0","source":{"url":"https://github.com/fruitcake/laravel-cors.git","type":"git","reference":"4b1f95aeaef2c8c201519833ad212bcbf909f15e"},"dist":{"url":"https://api.github.com/repos/fruitcake/laravel-cors/zipball/4b1f95aeaef2c8c201519833ad212bcbf909f15e","type":"zip","shasum":"","reference":"4b1f95aeaef2c8c201519833ad212bcbf909f15e"},"time":"2019-12-31T17:28:15+00:00","require":{"php":">=7","illuminate/support":"^5.5|^6.0|^7.0","symfony/http-foundation":"^3.3|^4|^5.0","symfony/http-kernel":"^3.3|^4|^5.0","asm89/stack-cors":"^1.3"},"require-dev":{"laravel/framework":"^5.5|^6.0|^7.0","phpunit/phpunit":"^6.0|^7.0|^8.0","orchestra/testbench":"^3.5|^4.0|^5.0","squizlabs/php_codesniffer":"^3.5","phpro/grumphp":"^0.16|^0.17"}},{"version":"v1.0.2","version_normalized":"1.0.2.0","source":{"url":"https://github.com/fruitcake/laravel-cors.git","type":"git","reference":"3774f8a3d358c407d9f92af6fd73aa4ef9f447e3"},"dist":{"url":"https://api.github.com/repos/fruitcake/laravel-cors/zipball/3774f8a3d358c407d9f92af6fd73aa4ef9f447e3","type":"zip","shasum":"","reference":"3774f8a3d358c407d9f92af6fd73aa4ef9f447e3"},"time":"2019-12-30T09:46:27+00:00","require":{"php":"^7.1.3","illuminate/support":"^5.8|^6.0|^7.0","symfony/http-foundation":"~4.2.12|^4.3.8|^5.0","symfony/http-kernel":"~4.2.12|^4.3.8|^5.0","asm89/stack-cors":"^1.3"},"require-dev":{"laravel/framework":"^5.8|^6.0|^7.0","phpunit/phpunit":"^6.0|^7.0|^8.0","orchestra/testbench":"^3.5|^4.0|^5.0","squizlabs/php_codesniffer":"^3.5","phpro/grumphp":"^0.16|^0.17"}},{"version":"v1.0.1","version_normalized":"1.0.1.0","source":{"url":"https://github.com/fruitcake/laravel-cors.git","type":"git","reference":"4090caba144bf76d1699e566027e3ce3dccb0551"},"dist":{"url":"https://api.github.com/repos/fruitcake/laravel-cors/zipball/4090caba144bf76d1699e566027e3ce3dccb0551","type":"zip","shasum":"","reference":"4090caba144bf76d1699e566027e3ce3dccb0551"},"time":"2019-12-27T15:09:00+00:00","support":{"issues":"https://github.com/fruitcake/laravel-cors/issues","source":"https://github.com/fruitcake/laravel-cors/tree/v1.0.1"}},{"version":"v1.0.0","version_normalized":"1.0.0.0","authors":[{"name":"Barry vd. Heuvel","email":"barryvdh@gmail.com"}],"source":{"url":"https://github.com/fruitcake/laravel-cors.git","type":"git","reference":"a16e3fb7f537e57809946805ae0ec96865bfd6bf"},"dist":{"url":"https://api.github.com/repos/fruitcake/laravel-cors/zipball/a16e3fb7f537e57809946805ae0ec96865bfd6bf","type":"zip","shasum":"","reference":"a16e3fb7f537e57809946805ae0ec96865bfd6bf"},"time":"2019-12-25T17:24:53+00:00","autoload":{"psr-4":{"Barryvdh\\Cors\\":"src/"}},"extra":{"branch-alias":{"dev-master":"0.11-dev"},"laravel":{"providers":["Barryvdh\\Cors\\ServiceProvider"]}},"require":{"php":">=7","illuminate/support":"^5.5|^6","symfony/http-foundation":"^3.3|^4","symfony/http-kernel":"^3.3|^4","asm89/stack-cors":"^1.3"},"require-dev":{"laravel/framework":"^5.5|^6","phpunit/phpunit":"^6.0|^7.0|^8.0","orchestra/testbench":"^3.5|^4.0","squizlabs/php_codesniffer":"^2.3"},"support":{"issues":"https://github.com/fruitcake/laravel-cors/issues","source":"https://github.com/fruitcake/laravel-cors/tree/0.11"}},{"version":"v0.11.4","version_normalized":"0.11.4.0","source":{"url":"https://github.com/fruitcake/laravel-cors.git","type":"git","reference":"03492f1a3bc74a05de23f93b94ac7cc5c173eec9"},"dist":{"url":"https://api.github.com/repos/fruitcake/laravel-cors/zipball/03492f1a3bc74a05de23f93b94ac7cc5c173eec9","type":"zip","shasum":"","reference":"03492f1a3bc74a05de23f93b94ac7cc5c173eec9"},"time":"2019-08-28T11:27:11+00:00","require":{"php":">=7","illuminate/support":"^5.5|^6","symfony/http-foundation":"^3.1|^4","symfony/http-kernel":"^3.1|^4","asm89/stack-cors":"^1.2"},"require-dev":{"laravel/framework":"^5.5","phpunit/phpunit":"^4.8|^5.2|^7.0","orchestra/testbench":"3.3.x|3.4.x|3.5.x|3.6.x|3.7.x","squizlabs/php_codesniffer":"^2.3"},"support":{"issues":"https://github.com/fruitcake/laravel-cors/issues","source":"https://github.com/fruitcake/laravel-cors/tree/v0.11.4"}},{"version":"v0.11.3","version_normalized":"0.11.3.0","source":{"url":"https://github.com/fruitcake/laravel-cors.git","type":"git","reference":"c95ac944f2f20a17949aae6645692dfd3b402bca"},"dist":{"url":"https://api.github.com/repos/fruitcake/laravel-cors/zipball/c95ac944f2f20a17949aae6645692dfd3b402bca","type":"zip","shasum":"","reference":"c95ac944f2f20a17949aae6645692dfd3b402bca"},"time":"2019-02-26T18:08:30+00:00","require":{"php":">=7","illuminate/support":"5.5.x|5.6.x|5.7.x|5.8.x","symfony/http-foundation":"^3.1|^4","symfony/http-kernel":"^3.1|^4","asm89/stack-cors":"^1.2"},"support":{"issues":"https://github.com/fruitcake/laravel-cors/issues","source":"https://github.com/fruitcake/laravel-cors/tree/v0.11.3"}},{"version":"v0.11.2","version_normalized":"0.11.2.0","source":{"url":"https://github.com/fruitcake/laravel-cors.git","type":"git","reference":"7969a52f52d0d9a04b42565d25ac9994b8c83332"},"dist":{"url":"https://api.github.com/repos/fruitcake/laravel-cors/zipball/7969a52f52d0d9a04b42565d25ac9994b8c83332","type":"zip","shasum":"","reference":"7969a52f52d0d9a04b42565d25ac9994b8c83332"},"time":"2018-09-06T13:20:53+00:00","require":{"php":">=7","illuminate/support":"5.5.x|5.6.x|5.7.x","symfony/http-foundation":"^3.1|^4","symfony/http-kernel":"^3.1|^4","asm89/stack-cors":"^1.2"},"support":{"issues":"https://github.com/fruitcake/laravel-cors/issues","source":"https://github.com/fruitcake/laravel-cors/tree/v0.11.2"}},{"version":"v0.11.1","version_normalized":"0.11.1.0","source":{"url":"https://github.com/fruitcake/laravel-cors.git","type":"git","reference":"18535b34a45ff53d7656e0b9107cb79b844fc7b0"},"dist":{"url":"https://api.github.com/repos/fruitcake/laravel-cors/zipball/18535b34a45ff53d7656e0b9107cb79b844fc7b0","type":"zip","shasum":"","reference":"18535b34a45ff53d7656e0b9107cb79b844fc7b0"},"time":"2018-08-31T13:26:58+00:00","require":{"php":">=7","laravel/framework":"5.5.x|5.6.x|5.7.x","symfony/http-foundation":"^3.1|^4","symfony/http-kernel":"^3.1|^4","asm89/stack-cors":"^1.2"},"require-dev":{"phpunit/phpunit":"^4.8|^5.2|^7.0","orchestra/testbench":"3.3.x|3.4.x|3.5.x|3.6.x|3.7.x","squizlabs/php_codesniffer":"^2.3"},"support":{"issues":"https://github.com/fruitcake/laravel-cors/issues","source":"https://github.com/fruitcake/laravel-cors/tree/v0.11.1"}},{"version":"v0.11.0","version_normalized":"0.11.0.0","source":{"url":"https://github.com/fruitcake/laravel-cors.git","type":"git","reference":"6ba64a654b4258a3ecc11aba6614c932b3442e30"},"dist":{"url":"https://api.github.com/repos/fruitcake/laravel-cors/zipball/6ba64a654b4258a3ecc11aba6614c932b3442e30","type":"zip","shasum":"","reference":"6ba64a654b4258a3ecc11aba6614c932b3442e30"},"time":"2018-01-04T06:59:27+00:00","require":{"php":">=5.5.9","illuminate/support":"5.3.x|5.4.x|5.5.x|5.6.x","symfony/http-foundation":"^3.1|^4","symfony/http-kernel":"^3.1|^4","asm89/stack-cors":"^1.2"},"require-dev":{"phpunit/phpunit":"^4.8|^5.2","orchestra/testbench":"3.x","squizlabs/php_codesniffer":"^2.3"},"support":{"issues":"https://github.com/fruitcake/laravel-cors/issues","source":"https://github.com/fruitcake/laravel-cors/tree/v0.11.0"}},{"version":"v0.10.1","version_normalized":"0.10.1.0","source":{"url":"https://github.com/fruitcake/laravel-cors.git","type":"git","reference":"b64caccbfc33b9ee2ba7dcce3307590882ede9ad"},"dist":{"url":"https://api.github.com/repos/fruitcake/laravel-cors/zipball/b64caccbfc33b9ee2ba7dcce3307590882ede9ad","type":"zip","shasum":"","reference":"b64caccbfc33b9ee2ba7dcce3307590882ede9ad"},"time":"2017-12-19T21:08:24+00:00","autoload":{"psr-4":{"Barryvdh\\Cors\\":"src/"},"classmap":["tests"]},"extra":{"branch-alias":{"dev-master":"0.10-dev"},"laravel":{"providers":["Barryvdh\\Cors\\ServiceProvider"]}},"require":{"php":">=5.5.9","illuminate/support":"5.3.x|5.4.x|5.5.x","symfony/http-foundation":"~3.1","symfony/http-kernel":"~3.1"},"support":{"issues":"https://github.com/fruitcake/laravel-cors/issues","source":"https://github.com/fruitcake/laravel-cors/tree/v0.10.1"}},{"version":"v0.10.0","version_normalized":"0.10.0.0","source":{"url":"https://github.com/fruitcake/laravel-cors.git","type":"git","reference":"1326460c591e5299d43e266de52a4141c5c66561"},"dist":{"url":"https://api.github.com/repos/fruitcake/laravel-cors/zipball/1326460c591e5299d43e266de52a4141c5c66561","type":"zip","shasum":"","reference":"1326460c591e5299d43e266de52a4141c5c66561"},"time":"2017-08-28T12:10:56+00:00","support":{"issues":"https://github.com/fruitcake/laravel-cors/issues","source":"https://github.com/fruitcake/laravel-cors/tree/v0.10.0"}},{"version":"v0.9.3","version_normalized":"0.9.3.0","source":{"url":"https://github.com/fruitcake/laravel-cors.git","type":"git","reference":"2551489de60486471434b0c7050f7fc65f9c9119"},"dist":{"url":"https://api.github.com/repos/fruitcake/laravel-cors/zipball/2551489de60486471434b0c7050f7fc65f9c9119","type":"zip","shasum":"","reference":"2551489de60486471434b0c7050f7fc65f9c9119"},"time":"2017-08-28T11:42:05+00:00","extra":{"branch-alias":{"dev-master":"0.9-dev"},"laravel":{"providers":["Barryvdh\\Cors\\ServiceProvider"]}},"support":{"issues":"https://github.com/fruitcake/laravel-cors/issues","source":"https://github.com/fruitcake/laravel-cors/tree/v0.9.3"}},{"version":"v0.9.2","version_normalized":"0.9.2.0","source":{"url":"https://github.com/fruitcake/laravel-cors.git","type":"git","reference":"0b758188dadda20f4a17f1f4fe03c22ea92ce8e4"},"dist":{"url":"https://api.github.com/repos/fruitcake/laravel-cors/zipball/0b758188dadda20f4a17f1f4fe03c22ea92ce8e4","type":"zip","shasum":"","reference":"0b758188dadda20f4a17f1f4fe03c22ea92ce8e4"},"time":"2017-03-22T08:40:10+00:00","extra":{"branch-alias":{"dev-master":"0.9-dev","dev-develop":"1.0-dev"}},"require":{"php":">=5.5.9","illuminate/support":"5.1.x|5.2.x|5.3.x|5.4.x","symfony/http-foundation":"~2.7|~3.0","symfony/http-kernel":"~2.7|~3.0"},"require-dev":{"phpunit/phpunit":"^4.8|^5.2","orchestra/testbench":"3.x"},"support":{"issues":"https://github.com/fruitcake/laravel-cors/issues","source":"https://github.com/fruitcake/laravel-cors/tree/v0.9.2"}},{"version":"v0.9.1","version_normalized":"0.9.1.0","source":{"url":"https://github.com/fruitcake/laravel-cors.git","type":"git","reference":"9fe3dfb7198ed6df0fca333347e5c9b2db62a2f4"},"dist":{"url":"https://api.github.com/repos/fruitcake/laravel-cors/zipball/9fe3dfb7198ed6df0fca333347e5c9b2db62a2f4","type":"zip","shasum":"","reference":"9fe3dfb7198ed6df0fca333347e5c9b2db62a2f4"},"time":"2017-03-20T15:05:31+00:00","support":{"issues":"https://github.com/fruitcake/laravel-cors/issues","source":"https://github.com/fruitcake/laravel-cors/tree/v0.9.1"}},{"version":"v0.9.0","version_normalized":"0.9.0.0","source":{"url":"https://github.com/fruitcake/laravel-cors.git","type":"git","reference":"2880f19c41c1abf3287811075126b477c21a1a28"},"dist":{"url":"https://api.github.com/repos/fruitcake/laravel-cors/zipball/2880f19c41c1abf3287811075126b477c21a1a28","type":"zip","shasum":"","reference":"2880f19c41c1abf3287811075126b477c21a1a28"},"time":"2017-03-20T14:32:30+00:00","support":{"issues":"https://github.com/fruitcake/laravel-cors/issues","source":"https://github.com/fruitcake/laravel-cors/tree/v0.9.0"}},{"version":"v0.8.6","version_normalized":"0.8.6.0","source":{"url":"https://github.com/fruitcake/laravel-cors.git","type":"git","reference":"9bf14c1d5ebe46738e8c535e56e621f98779197d"},"dist":{"url":"https://api.github.com/repos/fruitcake/laravel-cors/zipball/9bf14c1d5ebe46738e8c535e56e621f98779197d","type":"zip","shasum":"","reference":"9bf14c1d5ebe46738e8c535e56e621f98779197d"},"time":"2017-02-15T21:21:33+00:00","autoload":{"psr-4":{"Barryvdh\\Cors\\":"src/"}},"extra":{"branch-alias":{"dev-master":"0.8-dev"}},"require-dev":{"phpunit/phpunit":"^4.8|^5.2"},"support":{"issues":"https://github.com/fruitcake/laravel-cors/issues","source":"https://github.com/fruitcake/laravel-cors/tree/v0.8.6"}},{"version":"v0.8.5","version_normalized":"0.8.5.0","source":{"url":"https://github.com/fruitcake/laravel-cors.git","type":"git","reference":"e05c3ba65e98c96df5f2e1f8b7b6d7e9de4a1837"},"dist":{"url":"https://api.github.com/repos/fruitcake/laravel-cors/zipball/e05c3ba65e98c96df5f2e1f8b7b6d7e9de4a1837","type":"zip","shasum":"","reference":"e05c3ba65e98c96df5f2e1f8b7b6d7e9de4a1837"},"time":"2017-01-25T12:53:12+00:00","support":{"issues":"https://github.com/fruitcake/laravel-cors/issues","source":"https://github.com/fruitcake/laravel-cors/tree/v0.8.5"}},{"version":"V0.8.4","version_normalized":"0.8.4.0","source":{"url":"https://github.com/fruitcake/laravel-cors.git","type":"git","reference":"cb0390e288cc2052d474d8ce067d72db6614b4d3"},"dist":{"url":"https://api.github.com/repos/fruitcake/laravel-cors/zipball/cb0390e288cc2052d474d8ce067d72db6614b4d3","type":"zip","shasum":"","reference":"cb0390e288cc2052d474d8ce067d72db6614b4d3"},"time":"2017-01-25T06:26:30+00:00","support":{"issues":"https://github.com/fruitcake/laravel-cors/issues","source":"https://github.com/fruitcake/laravel-cors/tree/V0.8.4"}},{"version":"v0.8.3","version_normalized":"0.8.3.0","source":{"url":"https://github.com/fruitcake/laravel-cors.git","type":"git","reference":"05d1eba1619ed4a845aa016896e6b210e9047a05"},"dist":{"url":"https://api.github.com/repos/fruitcake/laravel-cors/zipball/05d1eba1619ed4a845aa016896e6b210e9047a05","type":"zip","shasum":"","reference":"05d1eba1619ed4a845aa016896e6b210e9047a05"},"time":"2017-01-24T18:14:51+00:00","support":{"issues":"https://github.com/fruitcake/laravel-cors/issues","source":"https://github.com/fruitcake/laravel-cors/tree/v0.8.3"}},{"version":"v0.8.2","version_normalized":"0.8.2.0","source":{"url":"https://github.com/fruitcake/laravel-cors.git","type":"git","reference":"bc7f40a71221b46d24971da7f0230ed4a75a18c6"},"dist":{"url":"https://api.github.com/repos/fruitcake/laravel-cors/zipball/bc7f40a71221b46d24971da7f0230ed4a75a18c6","type":"zip","shasum":"","reference":"bc7f40a71221b46d24971da7f0230ed4a75a18c6"},"time":"2016-08-11T08:46:01+00:00","require":{"php":">=5.5.9","illuminate/support":"5.1.x|5.2.x|5.3.x","symfony/http-foundation":"~2.7|~3.0","symfony/http-kernel":"~2.7|~3.0"},"support":{"issues":"https://github.com/fruitcake/laravel-cors/issues","source":"https://github.com/fruitcake/laravel-cors/tree/v0.8.2"}},{"version":"v0.8.1","version_normalized":"0.8.1.0","source":{"url":"https://github.com/fruitcake/laravel-cors.git","type":"git","reference":"1998c8c7295d167cb744bbc45fbefad9b86b836c"},"dist":{"url":"https://api.github.com/repos/fruitcake/laravel-cors/zipball/1998c8c7295d167cb744bbc45fbefad9b86b836c","type":"zip","shasum":"","reference":"1998c8c7295d167cb744bbc45fbefad9b86b836c"},"time":"2016-06-22T06:36:34+00:00","require-dev":{"phpunit/phpunit":"^5.2"},"support":{"issues":"https://github.com/fruitcake/laravel-cors/issues","source":"https://github.com/fruitcake/laravel-cors/tree/v0.8.1"}},{"version":"v0.8.0","version_normalized":"0.8.0.0","source":{"url":"https://github.com/fruitcake/laravel-cors.git","type":"git","reference":"39975d7505757488f982ca132bcd02c704792fd8"},"dist":{"url":"https://api.github.com/repos/fruitcake/laravel-cors/zipball/39975d7505757488f982ca132bcd02c704792fd8","type":"zip","shasum":"","reference":"39975d7505757488f982ca132bcd02c704792fd8"},"time":"2016-02-11T18:38:09+00:00","require":{"php":">=5.5.9","illuminate/support":"5.1.x|5.2.x","symfony/http-foundation":"~2.7|~3.0","symfony/http-kernel":"~2.7|~3.0"},"support":{"issues":"https://github.com/fruitcake/laravel-cors/issues","source":"https://github.com/fruitcake/laravel-cors/tree/v0.8.0"}},{"version":"v0.7.3","version_normalized":"0.7.3.0","source":{"url":"https://github.com/fruitcake/laravel-cors.git","type":"git","reference":"e4c4545879f5f00b8595a13fcf8e648b9bfdb40a"},"dist":{"url":"https://api.github.com/repos/fruitcake/laravel-cors/zipball/e4c4545879f5f00b8595a13fcf8e648b9bfdb40a","type":"zip","shasum":"","reference":"e4c4545879f5f00b8595a13fcf8e648b9bfdb40a"},"time":"2015-12-20T20:32:17+00:00","extra":{"branch-alias":{"dev-master":"0.7-dev"}},"require":{"php":">=5.4.0","illuminate/support":"~5.0.14|5.1.x|5.2.x","asm89/stack-cors":"0.2.x"},"support":{"issues":"https://github.com/fruitcake/laravel-cors/issues","source":"https://github.com/fruitcake/laravel-cors/tree/v0.7.3"},"require-dev":"__unset"},{"version":"v0.7.2","version_normalized":"0.7.2.0","source":{"url":"https://github.com/fruitcake/laravel-cors.git","type":"git","reference":"f6f389f06d89d73536cf7ffda58850d4d09bdc4d"},"dist":{"url":"https://api.github.com/repos/fruitcake/laravel-cors/zipball/f6f389f06d89d73536cf7ffda58850d4d09bdc4d","type":"zip","shasum":"","reference":"f6f389f06d89d73536cf7ffda58850d4d09bdc4d"},"time":"2015-09-09T16:56:18+00:00","require":{"php":">=5.4.0","illuminate/support":"~5.0.14|5.1.x","asm89/stack-cors":"0.2.x"},"support":{"issues":"https://github.com/fruitcake/laravel-cors/issues","source":"https://github.com/fruitcake/laravel-cors/tree/v0.7.2"}},{"version":"v0.7.1","version_normalized":"0.7.1.0","source":{"url":"https://github.com/fruitcake/laravel-cors.git","type":"git","reference":"8a907402f44362e9d59e90c91d9f4a9992b514dd"},"dist":{"url":"https://api.github.com/repos/fruitcake/laravel-cors/zipball/8a907402f44362e9d59e90c91d9f4a9992b514dd","type":"zip","shasum":"","reference":"8a907402f44362e9d59e90c91d9f4a9992b514dd"},"time":"2015-07-12T13:03:19+00:00","support":{"issues":"https://github.com/fruitcake/laravel-cors/issues","source":"https://github.com/fruitcake/laravel-cors/tree/v0.7.1"}},{"version":"v0.7.0","version_normalized":"0.7.0.0","source":{"url":"https://github.com/fruitcake/laravel-cors.git","type":"git","reference":"8cad7e154a14cf4a6c35ab9defcb289288c0dba8"},"dist":{"url":"https://api.github.com/repos/fruitcake/laravel-cors/zipball/8cad7e154a14cf4a6c35ab9defcb289288c0dba8","type":"zip","shasum":"","reference":"8cad7e154a14cf4a6c35ab9defcb289288c0dba8"},"time":"2015-06-24T18:53:41+00:00","support":{"issues":"https://github.com/fruitcake/laravel-cors/issues","source":"https://github.com/fruitcake/laravel-cors/tree/v0.7.0"}},{"version":"v0.6.0","version_normalized":"0.6.0.0","source":{"url":"https://github.com/fruitcake/laravel-cors.git","type":"git","reference":"c8edcaf3466ba412ad8d0cc82ab063e48670b7d2"},"dist":{"url":"https://api.github.com/repos/fruitcake/laravel-cors/zipball/c8edcaf3466ba412ad8d0cc82ab063e48670b7d2","type":"zip","shasum":"","reference":"c8edcaf3466ba412ad8d0cc82ab063e48670b7d2"},"time":"2015-06-09T07:52:30+00:00","extra":{"branch-alias":{"dev-master":"0.6-dev"}},"require":{"php":">=5.4.0","illuminate/support":"5.0.x|5.1.x","asm89/stack-cors":"0.2.x"},"support":{"issues":"https://github.com/fruitcake/laravel-cors/issues","source":"https://github.com/fruitcake/laravel-cors/tree/v0.6.0"}},{"version":"v0.5.0","version_normalized":"0.5.0.0","source":{"url":"https://github.com/fruitcake/laravel-cors.git","type":"git","reference":"9fb31c457a416931684c7b8759751d1848aed5a8"},"dist":{"url":"https://api.github.com/repos/fruitcake/laravel-cors/zipball/9fb31c457a416931684c7b8759751d1848aed5a8","type":"zip","shasum":"","reference":"9fb31c457a416931684c7b8759751d1848aed5a8"},"time":"2015-05-25T13:45:30+00:00","extra":{"branch-alias":{"dev-master":"0.5-dev"}},"require":{"php":">=5.4.0","illuminate/support":"~5.0.17|5.1.x","asm89/stack-cors":"0.2.x"},"support":{"issues":"https://github.com/fruitcake/laravel-cors/issues","source":"https://github.com/fruitcake/laravel-cors/tree/v0.5.0"}},{"version":"v0.4.0","version_normalized":"0.4.0.0","source":{"url":"https://github.com/fruitcake/laravel-cors.git","type":"git","reference":"fc49af3afafc181fec478e4dd8f02220518f2a14"},"dist":{"url":"https://api.github.com/repos/fruitcake/laravel-cors/zipball/fc49af3afafc181fec478e4dd8f02220518f2a14","type":"zip","shasum":"","reference":"fc49af3afafc181fec478e4dd8f02220518f2a14"},"time":"2015-02-05T08:37:08+00:00","extra":{"branch-alias":{"dev-master":"0.4-dev"}},"require":{"php":">=5.4.0","illuminate/support":"5.0.x","asm89/stack-cors":"0.2.x"},"support":{"issues":"https://github.com/fruitcake/laravel-cors/issues","source":"https://github.com/fruitcake/laravel-cors/tree/v0.4.0"}},{"version":"v0.3.0","version_normalized":"0.3.0.0","source":{"url":"https://github.com/fruitcake/laravel-cors.git","type":"git","reference":"f704cd34a96e65cca9784cad4c0bbc7c95ec35f1"},"dist":{"url":"https://api.github.com/repos/fruitcake/laravel-cors/zipball/f704cd34a96e65cca9784cad4c0bbc7c95ec35f1","type":"zip","shasum":"","reference":"f704cd34a96e65cca9784cad4c0bbc7c95ec35f1"},"time":"2015-01-17T12:10:49+00:00","support":{"issues":"https://github.com/fruitcake/laravel-cors/issues","source":"https://github.com/fruitcake/laravel-cors/tree/v0.3.0"},"extra":"__unset"},{"version":"v0.2.3","version_normalized":"0.2.3.0","source":{"url":"https://github.com/fruitcake/laravel-cors.git","type":"git","reference":"2da8858a8b8792f4dabd337bd59252a88914699d"},"dist":{"url":"https://api.github.com/repos/fruitcake/laravel-cors/zipball/2da8858a8b8792f4dabd337bd59252a88914699d","type":"zip","shasum":"","reference":"2da8858a8b8792f4dabd337bd59252a88914699d"},"time":"2014-06-11T07:05:53+00:00","require":{"php":">=5.3.0","illuminate/support":"~4.1","asm89/stack-cors":"0.2.x"},"support":{"issues":"https://github.com/fruitcake/laravel-cors/issues","source":"https://github.com/fruitcake/laravel-cors/tree/v0.2.3"}},{"version":"v0.2.2","version_normalized":"0.2.2.0","source":{"url":"https://github.com/fruitcake/laravel-cors.git","type":"git","reference":"ce25db72385c135b74cdaf061dbd444957c363d2"},"dist":{"url":"https://api.github.com/repos/fruitcake/laravel-cors/zipball/ce25db72385c135b74cdaf061dbd444957c363d2","type":"zip","shasum":"","reference":"ce25db72385c135b74cdaf061dbd444957c363d2"},"time":"2014-05-30T18:49:44+00:00","support":{"issues":"https://github.com/fruitcake/laravel-cors/issues","source":"https://github.com/fruitcake/laravel-cors/tree/v0.2.2"}},{"version":"v0.2.1","version_normalized":"0.2.1.0","source":{"url":"https://github.com/fruitcake/laravel-cors.git","type":"git","reference":"8899755df4205b4326d04be46648f3953289730d"},"dist":{"url":"https://api.github.com/repos/fruitcake/laravel-cors/zipball/8899755df4205b4326d04be46648f3953289730d","type":"zip","shasum":"","reference":"8899755df4205b4326d04be46648f3953289730d"},"time":"2014-05-30T17:47:57+00:00","support":{"issues":"https://github.com/fruitcake/laravel-cors/issues","source":"https://github.com/fruitcake/laravel-cors/tree/v0.2.1"}},{"version":"v0.2.0","version_normalized":"0.2.0.0","source":{"url":"https://github.com/fruitcake/laravel-cors.git","type":"git","reference":"00c3b663db6d3adabb118412efca8ddde8d901cd"},"dist":{"url":"https://api.github.com/repos/fruitcake/laravel-cors/zipball/00c3b663db6d3adabb118412efca8ddde8d901cd","type":"zip","shasum":"","reference":"00c3b663db6d3adabb118412efca8ddde8d901cd"},"time":"2014-05-30T16:48:49+00:00","support":{"issues":"https://github.com/fruitcake/laravel-cors/issues","source":"https://github.com/fruitcake/laravel-cors/tree/v0.2.0"}},{"keywords":[],"version":"v0.1.2","version_normalized":"0.1.2.0","license":[],"source":{"url":"https://github.com/fruitcake/laravel-cors.git","type":"git","reference":"9c1e6be68f6909fcd584c77b3b2ea2b628cccf1a"},"dist":{"url":"https://api.github.com/repos/fruitcake/laravel-cors/zipball/9c1e6be68f6909fcd584c77b3b2ea2b628cccf1a","type":"zip","shasum":"","reference":"9c1e6be68f6909fcd584c77b3b2ea2b628cccf1a"},"time":"2013-12-17T08:41:06+00:00","autoload":{"psr-0":{"Barryvdh\\Cors":"src/"}},"require":{"php":">=5.3.0","illuminate/support":"4.x"},"support":{"issues":"https://github.com/fruitcake/laravel-cors/issues","source":"https://github.com/fruitcake/laravel-cors/tree/v0.1.2"}},{"version":"v0.1.1","version_normalized":"0.1.1.0","source":{"url":"https://github.com/fruitcake/laravel-cors.git","type":"git","reference":"c95cde33c307dc064b5768b982e76eeb6c9079e8"},"dist":{"url":"https://api.github.com/repos/fruitcake/laravel-cors/zipball/c95cde33c307dc064b5768b982e76eeb6c9079e8","type":"zip","shasum":"","reference":"c95cde33c307dc064b5768b982e76eeb6c9079e8"},"time":"2013-12-15T21:40:34+00:00","support":{"issues":"https://github.com/fruitcake/laravel-cors/issues","source":"https://github.com/fruitcake/laravel-cors/tree/v0.1.1"}},{"version":"v0.1","version_normalized":"0.1.0.0","source":{"url":"https://github.com/fruitcake/laravel-cors.git","type":"git","reference":"61dd06a0df23d1db2c32cf28cee8b3b255e495c7"},"dist":{"url":"https://api.github.com/repos/fruitcake/laravel-cors/zipball/61dd06a0df23d1db2c32cf28cee8b3b255e495c7","type":"zip","shasum":"","reference":"61dd06a0df23d1db2c32cf28cee8b3b255e495c7"},"time":"2013-12-15T19:47:42+00:00","support":{"issues":"https://github.com/fruitcake/laravel-cors/issues","source":"https://github.com/fruitcake/laravel-cors/tree/v0.1"}}]},"security-advisories":[],"last-modified":"Wed, 06 Sep 2023 12:57:24 GMT"}