{"minified":"composer/2.0","packages":{"sebastian/object-reflector":[{"name":"sebastian/object-reflector","description":"Allows reflection of object attributes, including inherited and non-public ones","keywords":[],"homepage":"https://github.com/sebastianbergmann/object-reflector/","version":"3.0.0","version_normalized":"3.0.0.0","license":["BSD-3-Clause"],"authors":[{"name":"Sebastian Bergmann","email":"sebastian@phpunit.de"}],"source":{"url":"https://github.com/sebastianbergmann/object-reflector.git","type":"git","reference":"24ed13d98130f0e7122df55d06c5c4942a577957"},"dist":{"url":"https://api.github.com/repos/sebastianbergmann/object-reflector/zipball/24ed13d98130f0e7122df55d06c5c4942a577957","type":"zip","shasum":"","reference":"24ed13d98130f0e7122df55d06c5c4942a577957"},"type":"library","funding":[{"url":"https://github.com/sebastianbergmann","type":"github"}],"time":"2023-02-03T07:06:18+00:00","autoload":{"classmap":["src/"]},"extra":{"branch-alias":{"dev-main":"3.0-dev"}},"require":{"php":">=8.1"},"require-dev":{"phpunit/phpunit":"^10.0"},"support":{"issues":"https://github.com/sebastianbergmann/object-reflector/issues","source":"https://github.com/sebastianbergmann/object-reflector/tree/3.0.0"}},{"version":"2.0.4","version_normalized":"2.0.4.0","source":{"url":"https://github.com/sebastianbergmann/object-reflector.git","type":"git","reference":"b4f479ebdbf63ac605d183ece17d8d7fe49c15c7"},"dist":{"url":"https://api.github.com/repos/sebastianbergmann/object-reflector/zipball/b4f479ebdbf63ac605d183ece17d8d7fe49c15c7","type":"zip","shasum":"","reference":"b4f479ebdbf63ac605d183ece17d8d7fe49c15c7"},"time":"2020-10-26T13:14:26+00:00","extra":{"branch-alias":{"dev-master":"2.0-dev"}},"require":{"php":">=7.3"},"require-dev":{"phpunit/phpunit":"^9.3"},"support":{"issues":"https://github.com/sebastianbergmann/object-reflector/issues","source":"https://github.com/sebastianbergmann/object-reflector/tree/2.0.4"}},{"version":"2.0.3","version_normalized":"2.0.3.0","source":{"url":"https://github.com/sebastianbergmann/object-reflector.git","type":"git","reference":"d9d0ab3b12acb1768bc1e0a89b23c90d2043cbe5"},"dist":{"url":"https://api.github.com/repos/sebastianbergmann/object-reflector/zipball/d9d0ab3b12acb1768bc1e0a89b23c90d2043cbe5","type":"zip","shasum":"","reference":"d9d0ab3b12acb1768bc1e0a89b23c90d2043cbe5"},"time":"2020-09-28T05:56:16+00:00","support":{"issues":"https://github.com/sebastianbergmann/object-reflector/issues","source":"https://github.com/sebastianbergmann/object-reflector/tree/2.0.3"}},{"version":"2.0.2","version_normalized":"2.0.2.0","source":{"url":"https://github.com/sebastianbergmann/object-reflector.git","type":"git","reference":"127a46f6b057441b201253526f81d5406d6c7840"},"dist":{"url":"https://api.github.com/repos/sebastianbergmann/object-reflector/zipball/127a46f6b057441b201253526f81d5406d6c7840","type":"zip","shasum":"","reference":"127a46f6b057441b201253526f81d5406d6c7840"},"time":"2020-06-26T12:12:55+00:00","require":{"php":"^7.3 || ^8.0"},"require-dev":{"phpunit/phpunit":"^9.0"},"support":{"issues":"https://github.com/sebastianbergmann/object-reflector/issues","source":"https://github.com/sebastianbergmann/object-reflector/tree/master"}},{"version":"2.0.1","version_normalized":"2.0.1.0","source":{"url":"https://github.com/sebastianbergmann/object-reflector.git","type":"git","reference":"14e04b3c25b821cc0702d4837803fe497680b062"},"dist":{"url":"https://api.github.com/repos/sebastianbergmann/object-reflector/zipball/14e04b3c25b821cc0702d4837803fe497680b062","type":"zip","shasum":"","reference":"14e04b3c25b821cc0702d4837803fe497680b062"},"time":"2020-06-15T13:08:02+00:00","require":{"php":"^7.3"}},{"version":"2.0.0","version_normalized":"2.0.0.0","source":{"url":"https://github.com/sebastianbergmann/object-reflector.git","type":"git","reference":"f4fd0835cabb0d4a6546d9fe291e5740037aa1e7"},"dist":{"url":"https://api.github.com/repos/sebastianbergmann/object-reflector/zipball/f4fd0835cabb0d4a6546d9fe291e5740037aa1e7","type":"zip","shasum":"","reference":"f4fd0835cabb0d4a6546d9fe291e5740037aa1e7"},"time":"2020-02-07T06:19:40+00:00","support":{"issues":"https://github.com/sebastianbergmann/object-reflector/issues","source":"https://github.com/sebastianbergmann/object-reflector/tree/2.0.0"},"funding":"__unset"},{"version":"1.1.2","version_normalized":"1.1.2.0","source":{"url":"https://github.com/sebastianbergmann/object-reflector.git","type":"git","reference":"9b8772b9cbd456ab45d4a598d2dd1a1bced6363d"},"dist":{"url":"https://api.github.com/repos/sebastianbergmann/object-reflector/zipball/9b8772b9cbd456ab45d4a598d2dd1a1bced6363d","type":"zip","shasum":"","reference":"9b8772b9cbd456ab45d4a598d2dd1a1bced6363d"},"funding":[{"url":"https://github.com/sebastianbergmann","type":"github"}],"time":"2020-11-30T07:37:18+00:00","extra":{"branch-alias":{"dev-master":"1.1-dev"}},"require":{"php":">=7.0"},"require-dev":{"phpunit/phpunit":"^6.0"},"support":{"issues":"https://github.com/sebastianbergmann/object-reflector/issues","source":"https://github.com/sebastianbergmann/object-reflector/tree/1.1.2"}},{"version":"1.1.1","version_normalized":"1.1.1.0","source":{"url":"https://github.com/sebastianbergmann/object-reflector.git","type":"git","reference":"773f97c67f28de00d397be301821b06708fca0be"},"dist":{"url":"https://api.github.com/repos/sebastianbergmann/object-reflector/zipball/773f97c67f28de00d397be301821b06708fca0be","type":"zip","shasum":"","reference":"773f97c67f28de00d397be301821b06708fca0be"},"time":"2017-03-29T09:07:27+00:00","require":{"php":"^7.0"},"support":{"issues":"https://github.com/sebastianbergmann/object-reflector/issues","source":"https://github.com/sebastianbergmann/object-reflector/tree/master"},"funding":"__unset"},{"version":"1.1.0","version_normalized":"1.1.0.0","source":{"url":"https://github.com/sebastianbergmann/object-reflector.git","type":"git","reference":"afd5797e7af7c9f529879ad5e8e8abe126c89dab"},"dist":{"url":"https://api.github.com/repos/sebastianbergmann/object-reflector/zipball/afd5797e7af7c9f529879ad5e8e8abe126c89dab","type":"zip","shasum":"","reference":"afd5797e7af7c9f529879ad5e8e8abe126c89dab"},"time":"2017-03-16T14:05:21+00:00","support":{"issues":"https://github.com/sebastianbergmann/object-reflector/issues","source":"https://github.com/sebastianbergmann/object-reflector/tree/1.1.0"}},{"version":"1.0.0","version_normalized":"1.0.0.0","source":{"url":"https://github.com/sebastianbergmann/object-reflector.git","type":"git","reference":"2201553542d60d25db9c5b2c54330df776648008"},"dist":{"url":"https://api.github.com/repos/sebastianbergmann/object-reflector/zipball/2201553542d60d25db9c5b2c54330df776648008","type":"zip","shasum":"","reference":"2201553542d60d25db9c5b2c54330df776648008"},"time":"2017-03-12T15:10:22+00:00","extra":{"branch-alias":{"dev-master":"1.0-dev"}},"support":{"issues":"https://github.com/sebastianbergmann/object-reflector/issues","source":"https://github.com/sebastianbergmann/object-reflector/tree/1.0.0"}}]},"security-advisories":[],"last-modified":"Wed, 06 Sep 2023 12:30:56 GMT"}