{"minified":"composer/2.0","packages":{"dingo/blueprint":[{"name":"dingo/blueprint","description":"API Blueprint documentation generator.","keywords":["api","docs","blueprint","laravel","dingo"],"homepage":"","version":"v0.4.6","version_normalized":"0.4.6.0","license":["BSD-3-Clause"],"authors":[{"name":"Jason Lewis","email":"jason.lewis1991@gmail.com"}],"source":{"url":"https://github.com/dingo/blueprint.git","type":"git","reference":"3ad48857c39309aa24fe888a962f79dd7fafff46"},"dist":{"url":"https://api.github.com/repos/dingo/blueprint/zipball/3ad48857c39309aa24fe888a962f79dd7fafff46","type":"zip","shasum":"","reference":"3ad48857c39309aa24fe888a962f79dd7fafff46"},"type":"library","time":"2023-05-14T11:44:17+00:00","autoload":{"psr-4":{"Dingo\\Blueprint\\":"src"}},"extra":{"branch-alias":{"dev-master":"0.2-dev"}},"require":{"php":"^7.2.5|^8.0","illuminate/support":"^7.0|^8.0|^9.0|^10.0","illuminate/filesystem":"^7.0|^8.0|^9.0|^10.0","doctrine/annotations":"~1.2 | ^2.0","phpdocumentor/reflection-docblock":"^3.1 || ^4.1 || ^5"},"require-dev":{"squizlabs/php_codesniffer":"~2.0","phpunit/phpunit":"^6.5|^8.3|^9.0|^10.0"},"support":{"issues":"https://github.com/dingo/blueprint/issues","source":"https://github.com/dingo/blueprint/tree/v0.4.6"}},{"version":"v0.4.5","version_normalized":"0.4.5.0","source":{"url":"https://github.com/dingo/blueprint.git","type":"git","reference":"49588cd64b9f0d89a350d8d23a112e43d4222e46"},"dist":{"url":"https://api.github.com/repos/dingo/blueprint/zipball/49588cd64b9f0d89a350d8d23a112e43d4222e46","type":"zip","shasum":"","reference":"49588cd64b9f0d89a350d8d23a112e43d4222e46"},"time":"2023-04-04T09:59:31+00:00","require":{"php":"^7.2.5|^8.0","illuminate/support":"^7.0|^8.0|^9.0|^10.0","illuminate/filesystem":"^7.0|^8.0|^9.0|^10.0","doctrine/annotations":"~1.2","phpdocumentor/reflection-docblock":"^3.1 || ^4.1 || ^5"},"require-dev":{"squizlabs/php_codesniffer":"~2.0","phpunit/phpunit":"^6.5|^8.3|^9.0"},"support":{"issues":"https://github.com/dingo/blueprint/issues","source":"https://github.com/dingo/blueprint/tree/v0.4.5"}},{"version":"v0.4.4","version_normalized":"0.4.4.0","source":{"url":"https://github.com/dingo/blueprint.git","type":"git","reference":"017716cb7345afe0458efc945c99785ab38c6e0e"},"dist":{"url":"https://api.github.com/repos/dingo/blueprint/zipball/017716cb7345afe0458efc945c99785ab38c6e0e","type":"zip","shasum":"","reference":"017716cb7345afe0458efc945c99785ab38c6e0e"},"time":"2022-08-20T08:47:34+00:00","require":{"php":"^7.2.5|^8.0","illuminate/support":"^7.0|^8.0|^9.0","illuminate/filesystem":"^7.0|^8.0|^9.0","doctrine/annotations":"~1.2","phpdocumentor/reflection-docblock":"^3.1 || ^4.1 || ^5"},"support":{"issues":"https://github.com/dingo/blueprint/issues","source":"https://github.com/dingo/blueprint/tree/v0.4.4"}},{"version":"v0.4.3","version_normalized":"0.4.3.0","source":{"url":"https://github.com/dingo/blueprint.git","type":"git","reference":"e3a8f19ae10716670079c3c162540756dbd20a88"},"dist":{"url":"https://api.github.com/repos/dingo/blueprint/zipball/e3a8f19ae10716670079c3c162540756dbd20a88","type":"zip","shasum":"","reference":"e3a8f19ae10716670079c3c162540756dbd20a88"},"time":"2021-04-30T11:20:38+00:00","require":{"php":"^7.2.5|^8.0","illuminate/support":"^7.0|^8.0","illuminate/filesystem":"^7.0|^8.0","doctrine/annotations":"~1.2","phpdocumentor/reflection-docblock":"^3.1 || ^4.1 || ^5"},"support":{"issues":"https://github.com/dingo/blueprint/issues","source":"https://github.com/dingo/blueprint/tree/v0.4.3"}},{"version":"v0.4.3-rc1","version_normalized":"0.4.3.0-RC1","support":{"issues":"https://github.com/dingo/blueprint/issues","source":"https://github.com/dingo/blueprint/tree/v0.4.3-rc1"}},{"version":"v0.4.2","version_normalized":"0.4.2.0","source":{"url":"https://github.com/dingo/blueprint.git","type":"git","reference":"c330027bc85ef76639b27a900f511ce4270e28bf"},"dist":{"url":"https://api.github.com/repos/dingo/blueprint/zipball/c330027bc85ef76639b27a900f511ce4270e28bf","type":"zip","shasum":"","reference":"c330027bc85ef76639b27a900f511ce4270e28bf"},"time":"2020-09-13T12:32:17+00:00","require":{"php":"^7.2.5","illuminate/support":"^7.0|^8.0","illuminate/filesystem":"^7.0|^8.0","doctrine/annotations":"~1.2","phpdocumentor/reflection-docblock":"^3.1 || ^4.1 || ^5"},"support":{"issues":"https://github.com/dingo/blueprint/issues","source":"https://github.com/dingo/blueprint/tree/v0.4.2"}},{"version":"v0.4.1","version_normalized":"0.4.1.0","source":{"url":"https://github.com/dingo/blueprint.git","type":"git","reference":"a84221e01683957d19c9217fb6133f2a039081a3"},"dist":{"url":"https://api.github.com/repos/dingo/blueprint/zipball/a84221e01683957d19c9217fb6133f2a039081a3","type":"zip","shasum":"","reference":"a84221e01683957d19c9217fb6133f2a039081a3"},"time":"2020-03-14T07:33:47+00:00","require":{"php":"^7.2.5","illuminate/support":"^7.0","illuminate/filesystem":"^7.0","doctrine/annotations":"~1.2","phpdocumentor/reflection-docblock":"^3.1 || ^4.1 || ^5"},"require-dev":{"squizlabs/php_codesniffer":"~2.0","phpunit/phpunit":"^6.5"},"support":{"issues":"https://github.com/dingo/blueprint/issues","source":"https://github.com/dingo/blueprint/tree/master"}},{"version":"v0.4.0","version_normalized":"0.4.0.0","source":{"url":"https://github.com/dingo/blueprint.git","type":"git","reference":"c36a7790715e5d98831b8ad27430110e242cbe6d"},"dist":{"url":"https://api.github.com/repos/dingo/blueprint/zipball/c36a7790715e5d98831b8ad27430110e242cbe6d","type":"zip","shasum":"","reference":"c36a7790715e5d98831b8ad27430110e242cbe6d"},"time":"2020-03-12T13:40:36+00:00","require":{"php":"^7.2.5","illuminate/support":"^5.5 || ^6.0 || ^7.0","illuminate/filesystem":"^5.5 || ^6.0 || ^7.0","doctrine/annotations":"~1.2","phpdocumentor/reflection-docblock":"^3.1|^4.1"},"support":{"issues":"https://github.com/dingo/blueprint/issues","source":"https://github.com/dingo/blueprint/tree/v0.4.0"}},{"version":"v0.3.1","version_normalized":"0.3.1.0","source":{"url":"https://github.com/dingo/blueprint.git","type":"git","reference":"45bbc59385310de7604e35ea4e27dc1756be9396"},"dist":{"url":"https://api.github.com/repos/dingo/blueprint/zipball/45bbc59385310de7604e35ea4e27dc1756be9396","type":"zip","shasum":"","reference":"45bbc59385310de7604e35ea4e27dc1756be9396"},"time":"2019-10-07T10:14:17+00:00","require":{"php":"^7.1","illuminate/support":"^5.5 || ^6.0","illuminate/filesystem":"^5.5 || ^6.0","doctrine/annotations":"~1.2","phpdocumentor/reflection-docblock":"^3.1|^4.1"},"require-dev":{"squizlabs/php_codesniffer":"~2.0","phpunit/phpunit":"^4.8.35 || ^5.4.3 || ^6.5"},"support":{"issues":"https://github.com/dingo/blueprint/issues","source":"https://github.com/dingo/blueprint/tree/v3.0.1"}},{"version":"v0.3.0","version_normalized":"0.3.0.0","source":{"url":"https://github.com/dingo/blueprint.git","type":"git","reference":"32e611eb73b1df3b5bc9e8b5cf8e368af9d44658"},"dist":{"url":"https://api.github.com/repos/dingo/blueprint/zipball/32e611eb73b1df3b5bc9e8b5cf8e368af9d44658","type":"zip","shasum":"","reference":"32e611eb73b1df3b5bc9e8b5cf8e368af9d44658"},"time":"2019-09-26T13:17:46+00:00","require":{"php":">=5.5.9","illuminate/support":"^5.1 || ^6.0","illuminate/filesystem":"^5.1 || ^6.0","doctrine/annotations":"~1.2","phpdocumentor/reflection-docblock":"^3.1|^4.1"},"require-dev":{"squizlabs/php_codesniffer":"~2.0","phpunit/phpunit":"~4.0"},"support":{"issues":"https://github.com/dingo/blueprint/issues","source":"https://github.com/dingo/blueprint/tree/v0.3.0"}},{"version":"v0.2.4","version_normalized":"0.2.4.0","source":{"url":"https://github.com/dingo/blueprint.git","type":"git","reference":"1dc93b8ea443fbbdaaca0582572ee6ca53afccfd"},"dist":{"url":"https://api.github.com/repos/dingo/blueprint/zipball/1dc93b8ea443fbbdaaca0582572ee6ca53afccfd","type":"zip","shasum":"","reference":"1dc93b8ea443fbbdaaca0582572ee6ca53afccfd"},"time":"2017-12-05T12:02:08+00:00","require":{"php":">=5.5.9","illuminate/support":"^5.1","illuminate/filesystem":"^5.1","doctrine/annotations":"~1.2","phpdocumentor/reflection-docblock":"^3.1"},"support":{"issues":"https://github.com/dingo/blueprint/issues","source":"https://github.com/dingo/blueprint/tree/master"}},{"version":"v0.2.3","version_normalized":"0.2.3.0","source":{"url":"https://github.com/dingo/blueprint.git","type":"git","reference":"ffeb6bcafdd27c68b7ec2eee8c6a8671f1d43939"},"dist":{"url":"https://api.github.com/repos/dingo/blueprint/zipball/ffeb6bcafdd27c68b7ec2eee8c6a8671f1d43939","type":"zip","shasum":"","reference":"ffeb6bcafdd27c68b7ec2eee8c6a8671f1d43939"},"time":"2017-09-20T13:50:06+00:00"},{"version":"0.2.2","version_normalized":"0.2.2.0","source":{"url":"https://github.com/dingo/blueprint.git","type":"git","reference":"690bdf0f76b4428fd52835b9d778fb4551333867"},"dist":{"url":"https://api.github.com/repos/dingo/blueprint/zipball/690bdf0f76b4428fd52835b9d778fb4551333867","type":"zip","shasum":"","reference":"690bdf0f76b4428fd52835b9d778fb4551333867"},"time":"2017-02-11T17:28:57+00:00","require":{"php":">=5.5.9","illuminate/support":"5.1.* || 5.2.* || 5.3.* || 5.4.*","illuminate/filesystem":"5.1.* || 5.2.* || 5.3.* || 5.4.*","doctrine/annotations":"~1.2","phpdocumentor/reflection-docblock":"3.1.*"}},{"version":"v0.2.1","version_normalized":"0.2.1.0","source":{"url":"https://github.com/dingo/blueprint.git","type":"git","reference":"53c2e553e2cb1284d5736f0bd264599ba89c376f"},"dist":{"url":"https://api.github.com/repos/dingo/blueprint/zipball/53c2e553e2cb1284d5736f0bd264599ba89c376f","type":"zip","shasum":"","reference":"53c2e553e2cb1284d5736f0bd264599ba89c376f"},"time":"2016-12-27T21:55:37+00:00","require":{"php":">=5.5.9","illuminate/support":"5.1.* || 5.2.* || 5.3.*","illuminate/filesystem":"5.1.* || 5.2.* || 5.3.*","doctrine/annotations":"~1.2","phpdocumentor/reflection-docblock":"3.1.*"}},{"version":"v0.2.0","version_normalized":"0.2.0.0","source":{"url":"https://github.com/dingo/blueprint.git","type":"git","reference":"d37fb7433aeadb3d40d5e790978c3c8d229d0e7d"},"dist":{"url":"https://api.github.com/repos/dingo/blueprint/zipball/d37fb7433aeadb3d40d5e790978c3c8d229d0e7d","type":"zip","shasum":"","reference":"d37fb7433aeadb3d40d5e790978c3c8d229d0e7d"},"time":"2016-08-30T03:27:49+00:00","require":{"php":">=5.5.9","illuminate/support":"5.1.* || 5.2.* || 5.3.*","illuminate/filesystem":"5.1.* || 5.2.* || 5.3.*","doctrine/annotations":"1.2.*","phpdocumentor/reflection-docblock":"3.1.*"}},{"version":"v0.1.6","version_normalized":"0.1.6.0","source":{"url":"https://github.com/dingo/blueprint.git","type":"git","reference":"fbabe54262d9774589b560da0e35344f4ea40a28"},"dist":{"url":"https://api.github.com/repos/dingo/blueprint/zipball/fbabe54262d9774589b560da0e35344f4ea40a28","type":"zip","shasum":"","reference":"fbabe54262d9774589b560da0e35344f4ea40a28"},"time":"2016-04-12T06:00:10+00:00","extra":{"branch-alias":{"dev-master":"0.1-dev"}},"require":{"php":">=5.5.9","illuminate/support":"~5.1","illuminate/filesystem":"~5.1","doctrine/annotations":"1.2.*","phpdocumentor/reflection-docblock":"2.0.*"}},{"version":"v0.1.5","version_normalized":"0.1.5.0","source":{"url":"https://github.com/dingo/blueprint.git","type":"git","reference":"0b01c9dc9d7032c64232996cfc93cd4838e15928"},"dist":{"url":"https://api.github.com/repos/dingo/blueprint/zipball/0b01c9dc9d7032c64232996cfc93cd4838e15928","type":"zip","shasum":"","reference":"0b01c9dc9d7032c64232996cfc93cd4838e15928"},"time":"2016-03-31T11:16:28+00:00"},{"version":"v0.1.4","version_normalized":"0.1.4.0","source":{"url":"https://github.com/dingo/blueprint.git","type":"git","reference":"ad74a0257f906d54ee5d13f1e243d71fa2ffde0f"},"dist":{"url":"https://api.github.com/repos/dingo/blueprint/zipball/ad74a0257f906d54ee5d13f1e243d71fa2ffde0f","type":"zip","shasum":"","reference":"ad74a0257f906d54ee5d13f1e243d71fa2ffde0f"},"time":"2015-11-30T06:11:02+00:00","require":{"php":">=5.5.9","illuminate/support":"~5.1","doctrine/annotations":"1.2.*","phpdocumentor/reflection-docblock":"2.0.*"}},{"version":"v0.1.3","version_normalized":"0.1.3.0","source":{"url":"https://github.com/dingo/blueprint.git","type":"git","reference":"6e32139779a68b94bba9481e0d3880b9e710a22b"},"dist":{"url":"https://api.github.com/repos/dingo/blueprint/zipball/6e32139779a68b94bba9481e0d3880b9e710a22b","type":"zip","shasum":"","reference":"6e32139779a68b94bba9481e0d3880b9e710a22b"},"time":"2015-08-22T03:01:02+00:00","require":{"php":">=5.5.9","illuminate/support":"5.1.*","doctrine/annotations":"1.2.*","phpdocumentor/reflection-docblock":"2.0.*"}},{"version":"v0.1.2","version_normalized":"0.1.2.0","source":{"url":"https://github.com/dingo/blueprint.git","type":"git","reference":"3389bcf154711c5eae06256b05c7c4d9ddc43995"},"dist":{"url":"https://api.github.com/repos/dingo/blueprint/zipball/3389bcf154711c5eae06256b05c7c4d9ddc43995","type":"zip","shasum":"","reference":"3389bcf154711c5eae06256b05c7c4d9ddc43995"},"time":"2015-07-17T11:26:22+00:00"},{"version":"v0.1.1","version_normalized":"0.1.1.0","source":{"url":"https://github.com/dingo/blueprint.git","type":"git","reference":"8d19d703c736d3c5e687280d1632d793122af0ff"},"dist":{"url":"https://api.github.com/repos/dingo/blueprint/zipball/8d19d703c736d3c5e687280d1632d793122af0ff","type":"zip","shasum":"","reference":"8d19d703c736d3c5e687280d1632d793122af0ff"},"time":"2015-07-02T08:36:03+00:00","require-dev":{"squizlabs/php_codesniffer":"~2.0"}},{"version":"v0.1.0","version_normalized":"0.1.0.0","source":{"url":"https://github.com/dingo/blueprint.git","type":"git","reference":"bf90ac6a0b36e573b9398438edca4a11b131c67d"},"dist":{"url":"https://api.github.com/repos/dingo/blueprint/zipball/bf90ac6a0b36e573b9398438edca4a11b131c67d","type":"zip","shasum":"","reference":"bf90ac6a0b36e573b9398438edca4a11b131c67d"},"time":"2015-06-20T07:15:14+00:00"}]},"security-advisories":[],"last-modified":"Wed, 06 Sep 2023 12:20:22 GMT"}