{"minified":"composer/2.0","packages":{"facade/flare-client-php":[{"name":"facade/flare-client-php","description":"Send PHP errors to Flare","keywords":["exception","facade","reporting","flare"],"homepage":"https://github.com/facade/flare-client-php","version":"1.10.0","version_normalized":"1.10.0.0","license":["MIT"],"authors":[],"source":{"url":"https://github.com/facade/flare-client-php.git","type":"git","reference":"213fa2c69e120bca4c51ba3e82ed1834ef3f41b8"},"dist":{"url":"https://api.github.com/repos/facade/flare-client-php/zipball/213fa2c69e120bca4c51ba3e82ed1834ef3f41b8","type":"zip","shasum":"","reference":"213fa2c69e120bca4c51ba3e82ed1834ef3f41b8"},"type":"library","funding":[{"url":"https://github.com/spatie","type":"github"}],"time":"2022-08-09T11:23:57+00:00","autoload":{"files":["src/helpers.php"],"psr-4":{"Facade\\FlareClient\\":"src"}},"extra":{"branch-alias":{"dev-master":"1.0-dev"}},"require":{"php":"^7.1|^8.0","facade/ignition-contracts":"~1.0","illuminate/pipeline":"^5.5|^6.0|^7.0|^8.0","symfony/http-foundation":"^3.3|^4.1|^5.0","symfony/mime":"^3.4|^4.0|^5.1","symfony/var-dumper":"^3.4|^4.0|^5.0"},"require-dev":{"friendsofphp/php-cs-fixer":"^2.14","spatie/phpunit-snapshot-assertions":"^2.0","phpunit/phpunit":"^7.5"},"support":{"issues":"https://github.com/facade/flare-client-php/issues","source":"https://github.com/facade/flare-client-php/tree/1.10.0"}},{"version":"1.9.1","version_normalized":"1.9.1.0","source":{"url":"https://github.com/facade/flare-client-php.git","type":"git","reference":"b2adf1512755637d0cef4f7d1b54301325ac78ed"},"dist":{"url":"https://api.github.com/repos/facade/flare-client-php/zipball/b2adf1512755637d0cef4f7d1b54301325ac78ed","type":"zip","shasum":"","reference":"b2adf1512755637d0cef4f7d1b54301325ac78ed"},"time":"2021-09-13T12:16:46+00:00","require-dev":{"friendsofphp/php-cs-fixer":"^2.14","spatie/phpunit-snapshot-assertions":"^2.0","phpunit/phpunit":"^7.5.16"},"support":{"issues":"https://github.com/facade/flare-client-php/issues","source":"https://github.com/facade/flare-client-php/tree/1.9.1"}},{"version":"1.9.0","version_normalized":"1.9.0.0","source":{"url":"https://github.com/facade/flare-client-php.git","type":"git","reference":"489c17ba994ee9473a0493bf46ed112e045798d8"},"dist":{"url":"https://api.github.com/repos/facade/flare-client-php/zipball/489c17ba994ee9473a0493bf46ed112e045798d8","type":"zip","shasum":"","reference":"489c17ba994ee9473a0493bf46ed112e045798d8"},"time":"2021-09-13T12:09:29+00:00","support":{"issues":"https://github.com/facade/flare-client-php/issues","source":"https://github.com/facade/flare-client-php/tree/1.9.0"}},{"version":"1.8.1","version_normalized":"1.8.1.0","source":{"url":"https://github.com/facade/flare-client-php.git","type":"git","reference":"47b639dc02bcfdfc4ebb83de703856fa01e35f5f"},"dist":{"url":"https://api.github.com/repos/facade/flare-client-php/zipball/47b639dc02bcfdfc4ebb83de703856fa01e35f5f","type":"zip","shasum":"","reference":"47b639dc02bcfdfc4ebb83de703856fa01e35f5f"},"time":"2021-05-31T19:23:29+00:00","support":{"issues":"https://github.com/facade/flare-client-php/issues","source":"https://github.com/facade/flare-client-php/tree/1.8.1"}},{"version":"1.8.0","version_normalized":"1.8.0.0","source":{"url":"https://github.com/facade/flare-client-php.git","type":"git","reference":"69742118c037f34ee1ef86dc605be4a105d9e984"},"dist":{"url":"https://api.github.com/repos/facade/flare-client-php/zipball/69742118c037f34ee1ef86dc605be4a105d9e984","type":"zip","shasum":"","reference":"69742118c037f34ee1ef86dc605be4a105d9e984"},"time":"2021-04-30T11:11:50+00:00","support":{"issues":"https://github.com/facade/flare-client-php/issues","source":"https://github.com/facade/flare-client-php/tree/1.8.0"}},{"version":"1.7.0","version_normalized":"1.7.0.0","source":{"url":"https://github.com/facade/flare-client-php.git","type":"git","reference":"6bf380035890cb0a09b9628c491ae3866b858522"},"dist":{"url":"https://api.github.com/repos/facade/flare-client-php/zipball/6bf380035890cb0a09b9628c491ae3866b858522","type":"zip","shasum":"","reference":"6bf380035890cb0a09b9628c491ae3866b858522"},"time":"2021-04-12T09:30:36+00:00","support":{"issues":"https://github.com/facade/flare-client-php/issues","source":"https://github.com/facade/flare-client-php/tree/1.7.0"}},{"version":"1.6.1","version_normalized":"1.6.1.0","source":{"url":"https://github.com/facade/flare-client-php.git","type":"git","reference":"f2b0969f2d9594704be74dbeb25b201570a98098"},"dist":{"url":"https://api.github.com/repos/facade/flare-client-php/zipball/f2b0969f2d9594704be74dbeb25b201570a98098","type":"zip","shasum":"","reference":"f2b0969f2d9594704be74dbeb25b201570a98098"},"time":"2021-04-08T08:50:01+00:00","support":{"issues":"https://github.com/facade/flare-client-php/issues","source":"https://github.com/facade/flare-client-php/tree/1.6.1"}},{"version":"1.6.0","version_normalized":"1.6.0.0","source":{"url":"https://github.com/facade/flare-client-php.git","type":"git","reference":"16129c4f39eeae0a26c4ac7ad5292264bce6715c"},"dist":{"url":"https://api.github.com/repos/facade/flare-client-php/zipball/16129c4f39eeae0a26c4ac7ad5292264bce6715c","type":"zip","shasum":"","reference":"16129c4f39eeae0a26c4ac7ad5292264bce6715c"},"time":"2021-04-08T08:06:50+00:00","support":{"issues":"https://github.com/facade/flare-client-php/issues","source":"https://github.com/facade/flare-client-php/tree/1.6.0"}},{"version":"1.5.0","version_normalized":"1.5.0.0","source":{"url":"https://github.com/facade/flare-client-php.git","type":"git","reference":"9dd6f2b56486d939c4467b3f35475d44af57cf17"},"dist":{"url":"https://api.github.com/repos/facade/flare-client-php/zipball/9dd6f2b56486d939c4467b3f35475d44af57cf17","type":"zip","shasum":"","reference":"9dd6f2b56486d939c4467b3f35475d44af57cf17"},"time":"2021-03-31T07:32:54+00:00","support":{"issues":"https://github.com/facade/flare-client-php/issues","source":"https://github.com/facade/flare-client-php/tree/1.5.0"}},{"version":"1.4.0","version_normalized":"1.4.0.0","source":{"url":"https://github.com/facade/flare-client-php.git","type":"git","reference":"ef0f5bce23b30b32d98fd9bb49c6fa37b40eb546"},"dist":{"url":"https://api.github.com/repos/facade/flare-client-php/zipball/ef0f5bce23b30b32d98fd9bb49c6fa37b40eb546","type":"zip","shasum":"","reference":"ef0f5bce23b30b32d98fd9bb49c6fa37b40eb546"},"time":"2021-02-16T12:42:06+00:00","support":{"issues":"https://github.com/facade/flare-client-php/issues","source":"https://github.com/facade/flare-client-php/tree/1.4.0"}},{"version":"1.3.7","version_normalized":"1.3.7.0","source":{"url":"https://github.com/facade/flare-client-php.git","type":"git","reference":"fd688d3c06658f2b3b5f7bb19f051ee4ddf02492"},"dist":{"url":"https://api.github.com/repos/facade/flare-client-php/zipball/fd688d3c06658f2b3b5f7bb19f051ee4ddf02492","type":"zip","shasum":"","reference":"fd688d3c06658f2b3b5f7bb19f051ee4ddf02492"},"time":"2020-10-21T16:02:39+00:00","support":{"issues":"https://github.com/facade/flare-client-php/issues","source":"https://github.com/facade/flare-client-php/tree/1.3.7"}},{"version":"1.3.6","version_normalized":"1.3.6.0","source":{"url":"https://github.com/facade/flare-client-php.git","type":"git","reference":"451fadf38e9f635e7f8e1f5b3cf5c9eb82f11799"},"dist":{"url":"https://api.github.com/repos/facade/flare-client-php/zipball/451fadf38e9f635e7f8e1f5b3cf5c9eb82f11799","type":"zip","shasum":"","reference":"451fadf38e9f635e7f8e1f5b3cf5c9eb82f11799"},"time":"2020-09-18T06:35:11+00:00","require":{"php":"^7.1","facade/ignition-contracts":"~1.0","illuminate/pipeline":"^5.5|^6.0|^7.0|^8.0","symfony/http-foundation":"^3.3|^4.1|^5.0","symfony/mime":"^3.4|^4.0|^5.1","symfony/var-dumper":"^3.4|^4.0|^5.0"},"support":{"issues":"https://github.com/facade/flare-client-php/issues","source":"https://github.com/facade/flare-client-php/tree/1.3.6"}},{"version":"1.3.5","version_normalized":"1.3.5.0","source":{"url":"https://github.com/facade/flare-client-php.git","type":"git","reference":"25907a113bfc212a38d458ae365bfb902b4e7fb8"},"dist":{"url":"https://api.github.com/repos/facade/flare-client-php/zipball/25907a113bfc212a38d458ae365bfb902b4e7fb8","type":"zip","shasum":"","reference":"25907a113bfc212a38d458ae365bfb902b4e7fb8"},"time":"2020-08-26T18:06:23+00:00","require-dev":{"friendsofphp/php-cs-fixer":"^2.14","larapack/dd":"^1.1","spatie/phpunit-snapshot-assertions":"^2.0","phpunit/phpunit":"^7.5.16"},"support":{"issues":"https://github.com/facade/flare-client-php/issues","source":"https://github.com/facade/flare-client-php/tree/master"}},{"version":"1.3.4","version_normalized":"1.3.4.0","source":{"url":"https://github.com/facade/flare-client-php.git","type":"git","reference":"0eeb0de4fc1078433f0915010bd8f41e998adcb4"},"dist":{"url":"https://api.github.com/repos/facade/flare-client-php/zipball/0eeb0de4fc1078433f0915010bd8f41e998adcb4","type":"zip","shasum":"","reference":"0eeb0de4fc1078433f0915010bd8f41e998adcb4"},"time":"2020-07-13T23:25:57+00:00","require":{"php":"^7.1","facade/ignition-contracts":"~1.0","illuminate/pipeline":"^5.5|^6.0|^7.0","symfony/http-foundation":"^3.3|^4.1|^5.0","symfony/mime":"^3.4|^4.0|^5.1","symfony/var-dumper":"^3.4|^4.0|^5.0"}},{"version":"1.3.3","version_normalized":"1.3.3.0","source":{"url":"https://github.com/facade/flare-client-php.git","type":"git","reference":"7ef1c71f4737e3fccf1c72b64bbcc266ddd5c9ad"},"dist":{"url":"https://api.github.com/repos/facade/flare-client-php/zipball/7ef1c71f4737e3fccf1c72b64bbcc266ddd5c9ad","type":"zip","shasum":"","reference":"7ef1c71f4737e3fccf1c72b64bbcc266ddd5c9ad"},"funding":[{"url":"https://www.patreon.com/spatie","type":"patreon"}],"time":"2020-07-13T23:11:10+00:00","require-dev":{"larapack/dd":"^1.1","spatie/phpunit-snapshot-assertions":"^2.0","phpunit/phpunit":"^7.5.16"},"support":{"issues":"https://github.com/facade/flare-client-php/issues","source":"https://github.com/facade/flare-client-php/tree/1.3.3"}},{"version":"1.3.2","version_normalized":"1.3.2.0","source":{"url":"https://github.com/facade/flare-client-php.git","type":"git","reference":"db1e03426e7f9472c9ecd1092aff00f56aa6c004"},"dist":{"url":"https://api.github.com/repos/facade/flare-client-php/zipball/db1e03426e7f9472c9ecd1092aff00f56aa6c004","type":"zip","shasum":"","reference":"db1e03426e7f9472c9ecd1092aff00f56aa6c004"},"time":"2020-03-02T15:52:04+00:00","require":{"php":"^7.1","illuminate/pipeline":"^5.5|^6.0|^7.0","symfony/http-foundation":"^3.3|^4.1|^5.0","symfony/var-dumper":"^3.4|^4.0|^5.0","facade/ignition-contracts":"~1.0"},"support":{"issues":"https://github.com/facade/flare-client-php/issues","source":"https://github.com/facade/flare-client-php/tree/1.3.2"}},{"version":"1.3.1","version_normalized":"1.3.1.0","source":{"url":"https://github.com/facade/flare-client-php.git","type":"git","reference":"24444ea0e1556f0a4b5fc8e61802caf72ae9a408"},"dist":{"url":"https://api.github.com/repos/facade/flare-client-php/zipball/24444ea0e1556f0a4b5fc8e61802caf72ae9a408","type":"zip","shasum":"","reference":"24444ea0e1556f0a4b5fc8e61802caf72ae9a408"},"time":"2019-12-15T18:28:38+00:00","require":{"php":"^7.1","illuminate/pipeline":"~5.5|~5.6|~5.7|~5.8|^6.0","symfony/http-foundation":"~3.3|~4.1","symfony/var-dumper":"^3.4|^4.0|^5.0","facade/ignition-contracts":"~1.0"},"support":{"issues":"https://github.com/facade/flare-client-php/issues","source":"https://github.com/facade/flare-client-php/tree/master"},"funding":"__unset"},{"version":"1.3.0","version_normalized":"1.3.0.0","source":{"url":"https://github.com/facade/flare-client-php.git","type":"git","reference":"0fd0c0a5c75a5acf04578311a08a7832e06a981c"},"dist":{"url":"https://api.github.com/repos/facade/flare-client-php/zipball/0fd0c0a5c75a5acf04578311a08a7832e06a981c","type":"zip","shasum":"","reference":"0fd0c0a5c75a5acf04578311a08a7832e06a981c"},"time":"2019-11-27T10:09:46+00:00","require":{"php":"^7.1","illuminate/pipeline":"~5.5|~5.6|~5.7|~5.8|^6.0","symfony/http-foundation":"~3.3|~4.1","symfony/var-dumper":"^3.4|^4.0","facade/ignition-contracts":"~1.0"},"support":{"issues":"https://github.com/facade/flare-client-php/issues","source":"https://github.com/facade/flare-client-php/tree/1.3.0"}},{"version":"1.2.1","version_normalized":"1.2.1.0","source":{"url":"https://github.com/facade/flare-client-php.git","type":"git","reference":"5a1bfe4425974d17addeefce737d66a4c921a8df"},"dist":{"url":"https://api.github.com/repos/facade/flare-client-php/zipball/5a1bfe4425974d17addeefce737d66a4c921a8df","type":"zip","shasum":"","reference":"5a1bfe4425974d17addeefce737d66a4c921a8df"},"time":"2019-11-19T08:42:39+00:00","support":{"issues":"https://github.com/facade/flare-client-php/issues","source":"https://github.com/facade/flare-client-php/tree/master"}},{"version":"1.2.0","version_normalized":"1.2.0.0","source":{"url":"https://github.com/facade/flare-client-php.git","type":"git","reference":"35780f32c9559b2d89af4df254f2c0c4e33ab878"},"dist":{"url":"https://api.github.com/repos/facade/flare-client-php/zipball/35780f32c9559b2d89af4df254f2c0c4e33ab878","type":"zip","shasum":"","reference":"35780f32c9559b2d89af4df254f2c0c4e33ab878"},"time":"2019-11-19T08:29:32+00:00"},{"version":"1.1.2","version_normalized":"1.1.2.0","source":{"url":"https://github.com/facade/flare-client-php.git","type":"git","reference":"04c0bbd1881942f59e27877bac3b29ba57519666"},"dist":{"url":"https://api.github.com/repos/facade/flare-client-php/zipball/04c0bbd1881942f59e27877bac3b29ba57519666","type":"zip","shasum":"","reference":"04c0bbd1881942f59e27877bac3b29ba57519666"},"time":"2019-11-08T11:11:17+00:00","support":{"issues":"https://github.com/facade/flare-client-php/issues","source":"https://github.com/facade/flare-client-php/tree/1.1.2"}},{"version":"1.1.1","version_normalized":"1.1.1.0","source":{"url":"https://github.com/facade/flare-client-php.git","type":"git","reference":"608c2be3157b09f1868ca97ea4ddf3434ee83d63"},"dist":{"url":"https://api.github.com/repos/facade/flare-client-php/zipball/608c2be3157b09f1868ca97ea4ddf3434ee83d63","type":"zip","shasum":"","reference":"608c2be3157b09f1868ca97ea4ddf3434ee83d63"},"time":"2019-10-07T19:15:46+00:00","support":{"issues":"https://github.com/facade/flare-client-php/issues","source":"https://github.com/facade/flare-client-php/tree/master"}},{"version":"1.1.0","version_normalized":"1.1.0.0","source":{"url":"https://github.com/facade/flare-client-php.git","type":"git","reference":"4de2e8062e66edadbff261ebb5baae6eccfb799c"},"dist":{"url":"https://api.github.com/repos/facade/flare-client-php/zipball/4de2e8062e66edadbff261ebb5baae6eccfb799c","type":"zip","shasum":"","reference":"4de2e8062e66edadbff261ebb5baae6eccfb799c"},"time":"2019-09-27T14:54:17+00:00","support":{"issues":"https://github.com/facade/flare-client-php/issues","source":"https://github.com/facade/flare-client-php/tree/1.1.0"}},{"version":"1.0.4","version_normalized":"1.0.4.0","source":{"url":"https://github.com/facade/flare-client-php.git","type":"git","reference":"7128b251b48f24ef64e5cddd7f8d40cc3a06fd3e"},"dist":{"url":"https://api.github.com/repos/facade/flare-client-php/zipball/7128b251b48f24ef64e5cddd7f8d40cc3a06fd3e","type":"zip","shasum":"","reference":"7128b251b48f24ef64e5cddd7f8d40cc3a06fd3e"},"time":"2019-09-11T14:19:56+00:00","require-dev":{"larapack/dd":"^1.1","spatie/phpunit-snapshot-assertions":"^2.0","phpunit/phpunit":"^7.0"},"support":{"issues":"https://github.com/facade/flare-client-php/issues","source":"https://github.com/facade/flare-client-php/tree/1.0.4"}},{"version":"1.0.3","version_normalized":"1.0.3.0","source":{"url":"https://github.com/facade/flare-client-php.git","type":"git","reference":"a276603dbb7b9b35636d573d5709df5816dd4d2b"},"dist":{"url":"https://api.github.com/repos/facade/flare-client-php/zipball/a276603dbb7b9b35636d573d5709df5816dd4d2b","type":"zip","shasum":"","reference":"a276603dbb7b9b35636d573d5709df5816dd4d2b"},"time":"2019-09-05T20:24:51+00:00","support":{"issues":"https://github.com/facade/flare-client-php/issues","source":"https://github.com/facade/flare-client-php/tree/1.0.3"}},{"version":"1.0.2","version_normalized":"1.0.2.0","source":{"url":"https://github.com/facade/flare-client-php.git","type":"git","reference":"d72e698798efa53f576d533d40955cae857be0ec"},"dist":{"url":"https://api.github.com/repos/facade/flare-client-php/zipball/d72e698798efa53f576d533d40955cae857be0ec","type":"zip","shasum":"","reference":"d72e698798efa53f576d533d40955cae857be0ec"},"time":"2019-09-05T19:11:51+00:00","support":{"issues":"https://github.com/facade/flare-client-php/issues","source":"https://github.com/facade/flare-client-php/tree/1.0.2"}},{"version":"1.0.1","version_normalized":"1.0.1.0","source":{"url":"https://github.com/facade/flare-client-php.git","type":"git","reference":"6c3509372c20255ac19b3b5583216daea0c2f992"},"dist":{"url":"https://api.github.com/repos/facade/flare-client-php/zipball/6c3509372c20255ac19b3b5583216daea0c2f992","type":"zip","shasum":"","reference":"6c3509372c20255ac19b3b5583216daea0c2f992"},"time":"2019-09-02T18:43:12+00:00","support":{"issues":"https://github.com/facade/flare-client-php/issues","source":"https://github.com/facade/flare-client-php/tree/master"}},{"version":"1.0.0","version_normalized":"1.0.0.0","source":{"url":"https://github.com/facade/flare-client-php.git","type":"git","reference":"243e211e919352d827f85cfad43e521b8d1cdc6e"},"dist":{"url":"https://api.github.com/repos/facade/flare-client-php/zipball/243e211e919352d827f85cfad43e521b8d1cdc6e","type":"zip","shasum":"","reference":"243e211e919352d827f85cfad43e521b8d1cdc6e"},"time":"2019-08-30T14:46:27+00:00","support":{"issues":"https://github.com/facade/flare-client-php/issues","source":"https://github.com/facade/flare-client-php/tree/1.0.0"}}]},"security-advisories":[],"last-modified":"Wed, 06 Sep 2023 12:53:40 GMT"}